,timestamp,amount_cumsum
1,2018-04-24 14:44:51,25000
11,2018-04-24 14:49:00,39580
20,2018-04-24 14:50:22,17796
24,2018-04-24 14:51:32,21103
28,2018-04-24 14:53:42,41103
34,2018-04-24 14:59:24,8257
41,2018-04-24 15:02:15,-64032
47,2018-04-24 15:04:59,-11011
60,2018-04-24 15:06:54,-40137
65,2018-04-24 15:11:25,-48957
68,2018-04-24 15:12:41,-48957
72,2018-04-24 15:13:44,-48957
83,2018-04-24 15:15:42,1851
90,2018-04-24 15:18:31,148154
93,2018-04-24 15:19:15,148146
96,2018-04-24 15:20:15,148146
104,2018-04-24 15:21:53,212320
106,2018-04-24 15:22:25,215883
113,2018-04-24 15:28:56,276495
126,2018-04-24 15:33:04,277563
138,2018-04-24 15:39:45,330042
141,2018-04-24 15:41:11,329790
159,2018-04-24 15:49:40,316587
169,2018-04-24 15:51:28,311199
175,2018-04-24 15:58:12,364007
180,2018-04-24 16:00:25,342972
185,2018-04-24 16:02:27,332971
187,2018-04-24 16:03:02,332877
200,2018-04-24 16:10:13,69256
212,2018-04-24 16:14:54,263407
230,2018-04-24 16:20:26,352039
239,2018-04-24 16:25:37,599964
246,2018-04-24 16:28:36,599963
251,2018-04-24 16:29:01,595195
255,2018-04-24 16:30:24,598668
266,2018-04-24 16:32:52,660699
268,2018-04-24 16:34:21,640699
270,2018-04-24 16:35:54,640699
273,2018-04-24 16:36:43,644256
277,2018-04-24 16:40:59,668463
287,2018-04-24 16:46:53,654696
291,2018-04-24 16:49:36,637008
293,2018-04-24 16:50:26,632911
305,2018-04-24 16:54:16,720157
309,2018-04-24 16:56:41,710202
315,2018-04-24 17:01:38,711746
321,2018-04-24 17:04:18,733084
333,2018-04-24 17:14:26,817489
335,2018-04-24 17:16:38,817326
338,2018-04-24 17:19:28,817803
350,2018-04-24 17:36:38,913652
366,2018-04-24 17:41:10,1003798
372,2018-04-24 17:45:18,970935
393,2018-04-24 17:52:13,949619
399,2018-04-24 17:54:36,1029620
404,2018-04-24 17:55:52,964522
411,2018-04-24 17:59:18,931665
418,2018-04-24 18:00:51,923960
420,2018-04-24 18:01:22,908960
426,2018-04-24 18:02:47,926607
430,2018-04-24 18:06:21,891607
436,2018-04-24 18:08:17,895636
460,2018-04-24 18:21:39,825927
483,2018-04-24 18:42:24,864824
485,2018-04-24 18:44:27,864524
488,2018-04-24 18:51:07,874580
492,2018-04-24 18:54:25,864848
503,2018-04-24 19:16:48,902846
510,2018-04-24 19:25:21,900045
518,2018-04-24 19:33:54,1002489
525,2018-04-24 19:40:48,1013316
530,2018-04-24 19:52:41,1011443
542,2018-04-24 20:02:38,1029555
545,2018-04-24 20:08:48,1030061
559,2018-04-24 20:28:33,1068381
569,2018-04-24 20:35:06,1064486
580,2018-04-24 20:43:43,1025500
593,2018-04-24 20:50:40,1014481
595,2018-04-24 20:53:56,1002844
610,2018-04-24 20:58:53,991300
622,2018-04-24 21:03:48,1004529
629,2018-04-24 21:16:28,998975
632,2018-04-24 21:21:14,1015737
636,2018-04-24 21:27:43,1016799
657,2018-04-24 22:17:43,1059012
670,2018-04-24 22:25:22,1037288
673,2018-04-24 22:26:31,1041669
677,2018-04-24 22:27:44,1041671
685,2018-04-24 22:37:47,1102771
694,2018-04-24 22:46:15,1050768
701,2018-04-24 22:52:55,1010847
709,2018-04-24 22:55:54,1076023
711,2018-04-24 22:57:25,1075523
713,2018-04-24 22:59:40,1083450
715,2018-04-24 23:00:58,1081834
726,2018-04-24 23:10:52,1194461
730,2018-04-24 23:14:07,1189779
733,2018-04-24 23:15:09,1207338
735,2018-04-24 23:16:32,1207548
746,2018-04-24 23:21:19,1193475
761,2018-04-24 23:30:11,1239913
765,2018-04-24 23:35:41,1239860
775,2018-04-24 23:58:59,1242054
777,2018-04-25 00:02:57,1260950
783,2018-04-25 00:18:14,1296594
807,2018-04-25 00:58:55,1304889
812,2018-04-25 01:17:24,1318842
813,2018-04-25 01:19:17,1318841
824,2018-04-25 01:23:36,1384868
837,2018-04-25 01:24:51,1431896
848,2018-04-25 01:34:24,1407733
858,2018-04-25 01:43:55,1426757
860,2018-04-25 01:45:48,1426808
869,2018-04-25 01:54:03,1551875
876,2018-04-25 01:57:53,1645892
880,2018-04-25 01:59:19,1656448
884,2018-04-25 02:00:26,1657362
889,2018-04-25 02:02:14,1687620
892,2018-04-25 02:05:19,1831102
899,2018-04-25 02:06:10,1831448
904,2018-04-25 02:09:21,1769604
906,2018-04-25 02:12:04,1819604
909,2018-04-25 02:14:47,1852763
922,2018-04-25 02:20:35,2014982
929,2018-04-25 02:23:16,2044959
937,2018-04-25 02:24:51,1993400
940,2018-04-25 02:25:45,1994113
957,2018-04-25 02:30:21,2074984
964,2018-04-25 02:32:06,2079603
966,2018-04-25 02:33:29,2079603
968,2018-04-25 02:36:22,2077651
972,2018-04-25 02:38:42,2049089
975,2018-04-25 02:39:55,2049090
979,2018-04-25 02:42:21,2049208
981,2018-04-25 02:43:58,2048883
986,2018-04-25 02:45:56,2048883
994,2018-04-25 02:49:05,2107819
996,2018-04-25 02:50:27,2107178
1001,2018-04-25 02:53:38,2154965
1008,2018-04-25 03:02:27,2156012
1022,2018-04-25 03:07:35,2146766
1024,2018-04-25 03:10:21,2146766
1032,2018-04-25 03:16:20,2153356
1036,2018-04-25 03:21:43,2149192
1040,2018-04-25 03:24:10,2144151
1044,2018-04-25 03:26:14,2144713
1046,2018-04-25 03:27:01,2144457
1048,2018-04-25 03:27:43,2144508
1056,2018-04-25 03:33:55,2123363
1060,2018-04-25 03:41:05,2193404
1071,2018-04-25 03:43:15,2227600
1100,2018-04-25 03:51:05,2375450
1121,2018-04-25 03:55:20,2459302
1123,2018-04-25 03:57:32,2459834
1134,2018-04-25 03:58:37,2459834
1137,2018-04-25 04:00:10,2478970
1150,2018-04-25 04:09:04,2445553
1154,2018-04-25 04:14:02,2435143
1157,2018-04-25 04:15:55,2451048
1174,2018-04-25 04:18:54,2289405
1190,2018-04-25 04:25:07,2374763
1194,2018-04-25 04:27:20,2381544
1224,2018-04-25 04:35:50,2431666
1228,2018-04-25 04:37:17,2404840
1237,2018-04-25 04:38:55,2452666
1242,2018-04-25 04:40:44,2458990
1244,2018-04-25 04:42:04,2455847
1246,2018-04-25 04:43:39,2457549
1258,2018-04-25 04:49:28,2545318
1293,2018-04-25 04:54:47,2595311
1296,2018-04-25 04:55:31,2595311
1302,2018-04-25 04:56:25,2562435
1304,2018-04-25 04:57:11,2562524
1322,2018-04-25 05:03:50,2629989
1329,2018-04-25 05:05:32,2631220
1331,2018-04-25 05:05:47,2631220
1337,2018-04-25 05:06:30,2631564
1357,2018-04-25 05:10:57,2585805
1366,2018-04-25 05:14:21,2745857
1373,2018-04-25 05:15:51,2705279
1387,2018-04-25 05:17:57,2840849
1392,2018-04-25 05:20:12,2823118
1397,2018-04-25 05:21:04,2824440
1400,2018-04-25 05:21:53,2823710
1404,2018-04-25 05:23:05,2818853
1409,2018-04-25 05:26:25,2764861
1429,2018-04-25 05:31:42,2909244
1431,2018-04-25 05:32:36,2906821
1434,2018-04-25 05:33:03,2909818
1437,2018-04-25 05:34:35,2905855
1453,2018-04-25 05:38:41,3042208
1457,2018-04-25 05:39:04,3042549
1459,2018-04-25 05:41:24,3132549
1467,2018-04-25 05:47:00,3254810
1471,2018-04-25 05:47:40,3224113
1477,2018-04-25 05:49:45,3228974
1487,2018-04-25 05:53:14,3339220
1489,2018-04-25 05:54:05,3340149
1491,2018-04-25 05:55:33,3338023
1493,2018-04-25 05:57:22,3339604
1494,2018-04-25 05:59:48,3339602
1502,2018-04-25 06:00:54,3333669
1506,2018-04-25 06:03:25,3328968
1521,2018-04-25 06:09:35,3354554
1529,2018-04-25 06:12:19,3307105
1551,2018-04-25 06:18:13,3398411
1556,2018-04-25 06:18:55,3392933
1559,2018-04-25 06:20:20,3367933
1578,2018-04-25 06:23:22,3507642
1597,2018-04-25 06:27:03,3396128
1604,2018-04-25 06:30:28,3532684
1606,2018-04-25 06:30:58,3544872
1615,2018-04-25 06:37:17,3677797
1618,2018-04-25 06:39:42,3680685
1635,2018-04-25 06:44:00,3651780
1676,2018-04-25 06:57:30,3638885
1687,2018-04-25 07:01:44,3663883
1702,2018-04-25 07:07:22,3762408
1725,2018-04-25 07:09:10,3786580
1739,2018-04-25 07:10:29,3707282
1748,2018-04-25 07:23:01,3907199
1766,2018-04-25 07:25:35,3860232
1784,2018-04-25 07:32:21,3874521
1802,2018-04-25 07:38:34,3884257
1818,2018-04-25 07:41:27,3863243
1822,2018-04-25 07:47:29,3984894
1824,2018-04-25 07:50:41,3994894
1837,2018-04-25 07:59:46,4113681
1845,2018-04-25 08:02:29,4090310
1850,2018-04-25 08:03:02,4110235
1859,2018-04-25 08:05:15,4110380
1865,2018-04-25 08:05:49,4138035
1868,2018-04-25 08:07:53,4138035
1879,2018-04-25 08:10:05,4170335
1890,2018-04-25 08:14:26,4169328
1893,2018-04-25 08:18:24,4173700
1902,2018-04-25 08:20:57,4172364
1909,2018-04-25 08:23:04,4090336
1922,2018-04-25 08:31:07,4199097
1926,2018-04-25 08:32:51,4195597
1928,2018-04-25 08:34:11,4195530
1930,2018-04-25 08:35:28,4230530
1935,2018-04-25 08:36:15,4230776
1938,2018-04-25 08:37:09,4231934
1961,2018-04-25 08:51:53,4381170
1969,2018-04-25 08:53:12,4382415
1972,2018-04-25 08:53:37,4380844
1974,2018-04-25 08:54:33,4380689
1977,2018-04-25 08:58:31,4379632
1987,2018-04-25 09:03:42,4443461
1997,2018-04-25 09:07:15,4358225
2000,2018-04-25 09:09:07,4348257
2009,2018-04-25 09:19:24,4928078
2020,2018-04-25 09:22:00,4923480
2025,2018-04-25 09:24:43,4914272
2031,2018-04-25 09:28:08,4948605
2040,2018-04-25 09:31:14,4841015
2044,2018-04-25 09:31:42,4840396
2046,2018-04-25 09:32:56,4839457
2048,2018-04-25 09:34:00,4838537
2056,2018-04-25 09:35:12,4930984
2075,2018-04-25 09:41:25,4966702
2080,2018-04-25 09:42:57,5024173
2083,2018-04-25 09:45:36,5105101
2091,2018-04-25 09:47:04,5082853
2093,2018-04-25 09:48:42,5083455
2100,2018-04-25 09:50:04,5103650
2104,2018-04-25 09:52:04,5103929
2110,2018-04-25 09:53:15,5098260
2124,2018-04-25 10:01:24,5025805
2129,2018-04-25 10:03:38,5018686
2134,2018-04-25 10:04:05,5018833
2142,2018-04-25 10:05:27,4963835
2154,2018-04-25 10:08:45,4944884
2164,2018-04-25 10:10:51,4957266
2168,2018-04-25 10:12:10,4990519
2170,2018-04-25 10:14:01,5140519
2180,2018-04-25 10:16:25,5130532
2188,2018-04-25 10:18:26,5087497
2198,2018-04-25 10:22:54,5066616
2203,2018-04-25 10:34:43,5202921
2209,2018-04-25 10:36:36,5240568
2212,2018-04-25 10:38:18,5259063
2216,2018-04-25 10:39:43,5298731
2227,2018-04-25 10:45:58,5317582
2234,2018-04-25 10:53:33,5406101
2237,2018-04-25 10:54:44,5406874
2243,2018-04-25 10:59:32,5452067
2250,2018-04-25 11:03:07,5526456
2271,2018-04-25 11:05:59,5620273
2274,2018-04-25 11:06:23,5644326
2276,2018-04-25 11:06:53,5644439
2280,2018-04-25 11:08:21,5700748
2282,2018-04-25 11:10:18,5716688
2302,2018-04-25 11:12:49,5635171
2305,2018-04-25 11:16:58,5651263
2307,2018-04-25 11:17:19,5651263
2311,2018-04-25 11:24:13,5719256
2316,2018-04-25 11:31:21,5703229
2319,2018-04-25 11:36:25,5549473
2321,2018-04-25 11:36:50,5548459
2326,2018-04-25 11:38:40,5638159
2334,2018-04-25 11:46:10,5697401
2338,2018-04-25 11:52:05,5638085
2347,2018-04-25 11:54:26,5605924
2350,2018-04-25 11:58:07,5601844
2352,2018-04-25 12:02:23,5670047
2356,2018-04-25 12:10:01,5721411
2373,2018-04-25 12:19:55,5575696
2379,2018-04-25 12:21:31,5582722
2385,2018-04-25 12:23:10,5592161
2391,2018-04-25 12:24:01,5593281
2400,2018-04-25 12:28:45,5457001
2415,2018-04-25 12:39:04,5521040
2423,2018-04-25 12:41:56,5537031
2425,2018-04-25 12:43:37,5534517
2429,2018-04-25 12:45:49,5537521
2435,2018-04-25 12:48:19,5535082
2450,2018-04-25 12:54:49,5484372
2453,2018-04-25 12:56:13,5487963
2466,2018-04-25 13:01:26,5555852
2469,2018-04-25 13:02:39,5556585
2479,2018-04-25 13:04:37,5414140
2482,2018-04-25 13:04:55,5420939
2484,2018-04-25 13:06:07,5495939
2489,2018-04-25 13:07:59,5560570
2502,2018-04-25 13:09:36,5692966
2516,2018-04-25 13:13:49,5490438
2531,2018-04-25 13:22:42,5425540
2539,2018-04-25 13:23:52,5417559
2550,2018-04-25 13:28:27,5436007
2555,2018-04-25 13:29:18,5430558
2562,2018-04-25 13:31:32,5424349
2571,2018-04-25 13:34:04,5293735
2575,2018-04-25 13:35:23,5263952
2581,2018-04-25 13:36:48,5249633
2588,2018-04-25 13:48:27,5251828
2591,2018-04-25 13:48:59,5251641
2594,2018-04-25 13:53:48,5329303
2596,2018-04-25 13:54:26,5325911
2603,2018-04-25 13:55:22,5312291
2606,2018-04-25 13:55:43,5338093
2620,2018-04-25 14:04:49,5770908
2637,2018-04-25 14:09:04,5897413
2661,2018-04-25 14:12:04,6152511
2672,2018-04-25 14:13:04,6097793
2678,2018-04-25 14:14:02,6098855
2680,2018-04-25 14:14:14,6100355
2683,2018-04-25 14:14:59,6130355
2691,2018-04-25 14:18:46,6197589
2695,2018-04-25 14:21:17,6391971
2696,2018-04-25 14:21:43,6391970
2698,2018-04-25 14:22:04,6394678
2702,2018-04-25 14:22:28,6387855
2709,2018-04-25 14:27:10,6674428
2713,2018-04-25 14:29:03,6646318
2715,2018-04-25 14:29:31,6716318
2724,2018-04-25 14:36:27,6603254
2733,2018-04-25 14:40:40,6627503
2744,2018-04-25 14:43:49,6526074
2747,2018-04-25 14:45:29,6584031
2757,2018-04-25 14:47:34,6529727
2762,2018-04-25 14:49:24,6492472
2768,2018-04-25 14:50:18,6504216
2771,2018-04-25 14:51:52,6493361
2785,2018-04-25 14:55:36,6620693
2790,2018-04-25 14:57:05,6619867
2796,2018-04-25 14:59:58,6619323
2798,2018-04-25 15:02:51,6789323
2804,2018-04-25 15:03:19,6787554
2808,2018-04-25 15:05:36,6822545
2814,2018-04-25 15:09:40,6948164
2816,2018-04-25 15:10:08,6948066
2820,2018-04-25 15:10:44,6953057
2823,2018-04-25 15:11:51,6953240
2825,2018-04-25 15:13:07,6956871
2834,2018-04-25 15:17:07,6943239
2846,2018-04-25 15:20:49,6858806
2849,2018-04-25 15:21:53,6905860
2856,2018-04-25 15:27:26,6904896
2860,2018-04-25 15:34:46,7083810
2867,2018-04-25 15:41:16,7027750
2875,2018-04-25 15:42:28,6977769
2881,2018-04-25 15:45:01,6979158
2891,2018-04-25 15:46:52,7012529
2892,2018-04-25 15:47:40,7012527
2899,2018-04-25 15:49:46,7035788
2903,2018-04-25 16:09:29,7141923
2914,2018-04-25 16:13:30,7251308
2916,2018-04-25 16:14:25,7251308
2931,2018-04-25 16:19:39,7315231
2936,2018-04-25 16:23:03,7313720
2939,2018-04-25 16:25:44,7422370
2941,2018-04-25 16:27:18,7422450
2951,2018-04-25 16:36:01,7472028
2957,2018-04-25 16:36:31,7462556
2965,2018-04-25 16:39:55,7389970
2977,2018-04-25 16:50:06,7175089
2991,2018-04-25 16:52:06,7063941
2998,2018-04-25 16:55:25,7279096
3013,2018-04-25 16:57:40,7323552
3016,2018-04-25 16:59:17,7323521
3028,2018-04-25 17:03:59,7370828
3032,2018-04-25 17:05:04,7370752
3037,2018-04-25 17:09:14,7411442
3044,2018-04-25 17:13:26,7425000
3058,2018-04-25 17:26:41,7264404
3064,2018-04-25 17:27:27,7208404
3070,2018-04-25 17:28:44,7283404
3088,2018-04-25 17:35:09,7361630
3090,2018-04-25 17:37:11,7371849
3101,2018-04-25 17:47:24,7140988
3104,2018-04-25 17:50:30,7141464
3112,2018-04-25 17:54:35,7163699
3115,2018-04-25 17:57:01,7142181
3123,2018-04-25 18:00:39,7195727
3130,2018-04-25 18:03:11,7181248
3132,2018-04-25 18:04:49,7182131
3146,2018-04-25 18:10:05,7169465
3158,2018-04-25 18:12:53,7167158
3165,2018-04-25 18:13:49,7199049
3167,2018-04-25 18:16:22,7199079
3171,2018-04-25 18:22:35,7224115
3203,2018-04-25 18:38:43,7047856
3213,2018-04-25 18:41:41,7045649
3221,2018-04-25 18:44:17,7058982
3223,2018-04-25 18:45:38,7072153
3228,2018-04-25 18:50:28,7135184
3230,2018-04-25 18:51:14,7135184
3232,2018-04-25 18:52:14,7135431
3234,2018-04-25 18:52:33,7135331
3243,2018-04-25 19:00:43,7177846
3255,2018-04-25 19:03:39,7125991
3259,2018-04-25 19:06:34,7253695
3263,2018-04-25 19:07:59,7257471
3267,2018-04-25 19:11:12,7128543
3279,2018-04-25 19:18:03,6964029
3290,2018-04-25 19:20:44,6922347
3293,2018-04-25 19:21:12,6923559
3301,2018-04-25 19:23:49,6811981
3305,2018-04-25 19:25:19,6777534
3308,2018-04-25 19:27:39,7009518
3315,2018-04-25 19:31:08,7006969
3320,2018-04-25 19:34:01,7221903
3325,2018-04-25 19:34:41,7222766
3328,2018-04-25 19:36:44,7164391
3338,2018-04-25 19:43:06,7154365
3340,2018-04-25 19:44:15,7154450
3354,2018-04-25 19:48:02,7083002
3359,2018-04-25 19:49:05,7004756
3388,2018-04-25 19:57:02,7149355
3392,2018-04-25 19:58:46,7151929
3396,2018-04-25 19:59:24,7154303
3407,2018-04-25 20:02:15,7136394
3412,2018-04-25 20:03:02,7174333
3427,2018-04-25 20:09:57,7125676
3434,2018-04-25 20:11:03,7204459
3443,2018-04-25 20:13:05,7223233
3453,2018-04-25 20:18:34,7188231
3469,2018-04-25 20:27:17,7240309
3470,2018-04-25 20:27:56,7240308
3473,2018-04-25 20:28:44,7260197
3479,2018-04-25 20:31:55,7352879
3482,2018-04-25 20:33:07,7396068
3490,2018-04-25 20:40:20,7447768
3505,2018-04-25 20:47:12,7381151
3513,2018-04-25 20:51:20,7484325
3520,2018-04-25 20:55:23,7725567
3526,2018-04-25 20:58:41,7636021
3530,2018-04-25 20:59:26,7633044
3533,2018-04-25 21:00:56,7643353
3538,2018-04-25 21:02:06,7626449
3543,2018-04-25 21:05:42,7639477
3548,2018-04-25 21:08:52,7802471
3552,2018-04-25 21:09:19,7802624
3554,2018-04-25 21:10:24,7752624
3558,2018-04-25 21:11:37,7812239
3566,2018-04-25 21:13:24,7769000
3568,2018-04-25 21:16:30,7739000
3575,2018-04-25 21:18:49,7768035
3584,2018-04-25 21:20:11,7724553
3595,2018-04-25 21:26:04,7684705
3601,2018-04-25 21:30:32,7619950
3605,2018-04-25 21:34:40,7644940
3610,2018-04-25 21:41:20,7696465
3624,2018-04-25 21:43:27,7712566
3631,2018-04-25 21:44:51,7713502
3633,2018-04-25 21:45:42,7714496
3637,2018-04-25 21:47:32,7713817
3653,2018-04-25 21:54:43,7652665
3675,2018-04-25 22:01:37,7416471
3686,2018-04-25 22:09:55,7463439
3687,2018-04-25 22:11:25,7463438
3694,2018-04-25 22:12:20,7509721
3699,2018-04-25 22:13:51,7472263
3719,2018-04-25 22:25:22,7408738
3723,2018-04-25 22:25:59,7452870
3732,2018-04-25 22:28:54,7272803
3738,2018-04-25 22:30:55,7315856
3747,2018-04-25 22:34:58,7319678
3794,2018-04-25 22:44:24,7095657
3798,2018-04-25 22:46:07,7088182
3805,2018-04-25 22:49:34,7172621
3811,2018-04-25 22:52:46,7197949
3828,2018-04-25 23:00:26,7301523
3838,2018-04-25 23:09:24,7267018
3840,2018-04-25 23:10:51,7267163
3853,2018-04-25 23:16:27,7324381
3860,2018-04-25 23:18:51,7287283
3866,2018-04-25 23:24:08,7251874
3868,2018-04-25 23:27:21,7249963
3870,2018-04-25 23:29:13,7255007
3878,2018-04-25 23:32:23,7230636
3881,2018-04-25 23:33:13,7230636
3886,2018-04-25 23:33:53,7222768
3895,2018-04-25 23:37:09,7229099
3898,2018-04-25 23:42:56,7293359
3900,2018-04-25 23:43:49,7298639
3909,2018-04-25 23:45:56,7326545
3923,2018-04-25 23:53:32,7420796
3937,2018-04-25 23:55:34,7459899
3940,2018-04-25 23:56:05,7459971
3949,2018-04-25 23:57:10,7491200
3955,2018-04-26 00:01:21,7472607
3964,2018-04-26 00:05:45,7484426
3966,2018-04-26 00:06:59,7459426
3972,2018-04-26 00:17:41,7599180
3986,2018-04-26 00:21:35,7724059
3993,2018-04-26 00:23:23,7710266
3995,2018-04-26 00:23:49,7739849
3998,2018-04-26 00:23:59,7740324
4014,2018-04-26 00:29:54,7635908
4027,2018-04-26 00:37:11,7830553
4040,2018-04-26 00:43:22,7892341
4043,2018-04-26 00:44:00,7894554
4079,2018-04-26 01:01:53,7947858
4081,2018-04-26 01:02:56,7922623
4086,2018-04-26 01:08:00,7929950
4089,2018-04-26 01:12:11,7937179
4100,2018-04-26 01:16:59,7787495
4104,2018-04-26 01:19:22,7787428
4115,2018-04-26 01:24:46,7875535
4119,2018-04-26 01:27:23,7860585
4152,2018-04-26 01:48:25,7969941
4157,2018-04-26 01:49:35,7971967
4160,2018-04-26 01:52:33,7973800
4165,2018-04-26 02:00:22,7969019
4168,2018-04-26 02:04:34,8039459
4179,2018-04-26 02:07:52,8024073
4187,2018-04-26 02:14:39,8065770
4195,2018-04-26 02:18:05,8010753
4196,2018-04-26 02:19:47,8010752
4204,2018-04-26 02:28:52,8250086
4253,2018-04-26 02:37:50,8349876
4265,2018-04-26 02:43:48,8574948
4279,2018-04-26 02:49:39,8573102
4286,2018-04-26 02:53:09,8535134
4290,2018-04-26 02:54:22,8579824
4293,2018-04-26 02:56:46,8574233
4297,2018-04-26 02:58:47,8614677
4309,2018-04-26 03:08:53,8683850
4313,2018-04-26 03:09:46,8610300
4315,2018-04-26 03:10:35,8612225
4336,2018-04-26 03:31:43,8708086
4346,2018-04-26 03:36:33,8721910
4351,2018-04-26 03:37:51,8733035
4367,2018-04-26 04:03:37,8784518
4371,2018-04-26 04:21:15,8776707
4377,2018-04-26 04:25:04,8782621
4384,2018-04-26 04:35:56,8759403
4386,2018-04-26 04:47:05,8759403
4392,2018-04-26 04:49:02,8748610
4400,2018-04-26 04:52:28,8736421
4410,2018-04-26 05:01:19,8875391
4414,2018-04-26 05:05:26,8874465
4423,2018-04-26 05:24:05,8975571
4442,2018-04-26 05:38:52,9144729
4448,2018-04-26 05:40:24,9154951
4450,2018-04-26 05:41:16,9153514
4459,2018-04-26 06:01:05,9198932
4474,2018-04-26 06:13:04,9330751
4489,2018-04-26 06:17:10,9343834
4501,2018-04-26 06:24:51,9263191
4506,2018-04-26 06:31:42,9183331
4513,2018-04-26 06:39:23,9292365
4517,2018-04-26 06:41:04,9287598
4522,2018-04-26 06:42:12,9287598
4532,2018-04-26 06:51:05,9306785
4534,2018-04-26 06:51:45,9309552
4535,2018-04-26 06:52:52,9309551
4537,2018-04-26 06:54:11,9309532
4563,2018-04-26 07:09:40,9290410
4579,2018-04-26 07:18:39,9112364
4581,2018-04-26 07:21:12,9163558
4583,2018-04-26 07:22:13,9243558
4590,2018-04-26 07:24:20,9218619
4597,2018-04-26 07:28:11,9258785
4601,2018-04-26 07:29:20,9259500
4604,2018-04-26 07:31:58,9262630
4606,2018-04-26 07:34:01,9280340
4612,2018-04-26 07:39:51,9362058
4614,2018-04-26 07:40:42,9362685
4620,2018-04-26 07:48:20,9285829
4631,2018-04-26 07:50:36,9223869
4657,2018-04-26 07:57:25,9129508
4662,2018-04-26 07:59:28,9119803
4670,2018-04-26 08:06:20,9189583
4684,2018-04-26 08:08:59,9079582
4687,2018-04-26 08:09:25,9083251
4698,2018-04-26 08:14:08,9128440
4707,2018-04-26 08:17:16,9090569
4713,2018-04-26 08:19:38,9185564
4720,2018-04-26 08:25:04,9199286
4721,2018-04-26 08:27:47,9199285
4728,2018-04-26 08:29:01,9180052
4737,2018-04-26 08:31:00,9196003
4765,2018-04-26 08:36:05,9149554
4767,2018-04-26 08:38:20,9139554
4773,2018-04-26 08:41:37,9150360
4777,2018-04-26 08:44:45,9146498
4783,2018-04-26 08:46:30,9115250
4785,2018-04-26 08:46:55,9129618
4789,2018-04-26 08:48:04,9081436
4793,2018-04-26 08:51:03,9053304
4795,2018-04-26 08:54:22,9054380
4804,2018-04-26 08:58:14,9133883
4824,2018-04-26 09:03:44,9082598
4826,2018-04-26 09:08:32,9069187
4828,2018-04-26 09:09:36,9069187
4840,2018-04-26 09:17:03,9249391
4852,2018-04-26 09:25:49,9113870
4854,2018-04-26 09:27:53,9173870
4856,2018-04-26 09:33:17,9177927
4862,2018-04-26 09:37:00,9176373
4865,2018-04-26 09:37:23,9283407
4878,2018-04-26 09:42:05,9297326
4882,2018-04-26 09:44:22,9366647
4886,2018-04-26 09:46:07,9340338
4895,2018-04-26 09:48:09,9353127
4899,2018-04-26 09:49:46,9354400
4909,2018-04-26 10:00:40,9498098
4917,2018-04-26 10:05:34,9506743
4919,2018-04-26 10:07:03,9506732
4922,2018-04-26 10:13:07,9676725
4931,2018-04-26 10:16:06,9730859
4942,2018-04-26 10:20:25,9733315
4947,2018-04-26 10:22:11,9753153
4949,2018-04-26 10:22:44,9753596
4960,2018-04-26 10:26:07,9860757
4972,2018-04-26 10:28:15,9929108
4973,2018-04-26 10:30:01,9929107
4975,2018-04-26 10:30:16,9929094
4998,2018-04-26 10:31:20,9925949
5001,2018-04-26 10:32:55,9923415
5008,2018-04-26 10:41:42,9935202
5014,2018-04-26 10:47:38,9814154
5017,2018-04-26 10:49:20,9825700
5020,2018-04-26 10:49:50,9829580
5029,2018-04-26 10:52:18,9796704
5039,2018-04-26 10:59:55,9789409
5041,2018-04-26 11:00:28,9793511
5049,2018-04-26 11:02:50,9896780
5053,2018-04-26 11:04:46,9912608
5072,2018-04-26 11:11:35,9906549
5079,2018-04-26 11:14:03,9923384
5082,2018-04-26 11:16:31,9970472
5113,2018-04-26 11:44:29,10011151
5115,2018-04-26 11:46:01,10010103
5123,2018-04-26 11:49:48,10038307
5128,2018-04-26 11:59:39,10022683
5130,2018-04-26 12:02:58,9987683
5136,2018-04-26 12:09:00,10007606
5141,2018-04-26 12:13:55,10028358
5159,2018-04-26 12:30:42,10043953
5168,2018-04-26 12:36:24,9996497
5173,2018-04-26 12:40:06,10000760
5176,2018-04-26 12:51:11,10029280
5183,2018-04-26 13:01:25,10092632
5184,2018-04-26 13:05:54,10092631
5191,2018-04-26 13:12:29,10152816
5205,2018-04-26 13:31:43,10205472
5215,2018-04-26 13:37:08,10327618
5231,2018-04-26 13:44:46,10414020
5234,2018-04-26 13:47:46,10427626
5239,2018-04-26 13:50:38,10422387
5247,2018-04-26 13:53:40,10431148
5250,2018-04-26 13:57:46,10427266
5265,2018-04-26 14:10:22,10511385
5269,2018-04-26 14:13:12,10538633
5272,2018-04-26 14:18:21,10538007
5273,2018-04-26 14:19:11,10538006
5286,2018-04-26 14:44:04,10449306
5288,2018-04-26 14:45:05,10449381
5293,2018-04-26 15:03:25,10551698
5304,2018-04-26 15:09:05,10560042
5311,2018-04-26 15:14:58,10594713
5314,2018-04-26 15:16:13,10588000
5338,2018-04-26 15:31:21,10536348
5347,2018-04-26 15:35:13,10474742
5356,2018-04-26 15:37:53,10465980
5358,2018-04-26 15:39:50,10464798
5359,2018-04-26 15:41:25,10464797
5371,2018-04-26 15:47:03,10516724
5377,2018-04-26 15:50:13,10514555
5386,2018-04-26 15:53:18,10508870
5387,2018-04-26 15:54:50,10508868
5395,2018-04-26 15:56:13,10510092
5402,2018-04-26 16:02:30,10508236
5408,2018-04-26 16:06:57,10523634
5416,2018-04-26 16:09:39,10512754
5423,2018-04-26 16:12:39,10513477
5425,2018-04-26 16:16:02,10513477
5427,2018-04-26 16:22:59,10513376
5439,2018-04-26 16:29:28,10493902
5444,2018-04-26 16:32:00,10501168
5446,2018-04-26 16:33:08,10501168
5452,2018-04-26 16:39:47,10479619
5460,2018-04-26 16:45:21,10488147
5465,2018-04-26 16:52:38,10538117
5472,2018-04-26 16:55:05,10553494
5476,2018-04-26 16:56:57,10554806
5478,2018-04-26 17:01:14,10554325
5511,2018-04-26 17:08:35,10575865
5521,2018-04-26 17:11:53,10568962
5526,2018-04-26 17:29:01,10443223
5544,2018-04-26 17:38:21,10379862
5562,2018-04-26 17:45:10,10481011
5565,2018-04-26 17:48:40,10476442
5567,2018-04-26 17:50:07,10476433
5568,2018-04-26 17:50:29,10476432
5577,2018-04-26 17:54:54,10481946
5583,2018-04-26 17:58:29,10474836
5608,2018-04-26 18:17:13,10608958
5611,2018-04-26 18:23:07,10609298
5614,2018-04-26 18:30:40,10593131
5626,2018-04-26 18:36:32,10549160
5629,2018-04-26 18:39:24,10669160
5636,2018-04-26 18:42:49,10687570
5645,2018-04-26 18:51:19,10752007
5647,2018-04-26 18:52:44,10750946
5659,2018-04-26 19:21:30,10830175
5665,2018-04-26 19:29:18,10992494
5676,2018-04-26 19:35:02,10958896
5682,2018-04-26 19:44:34,10979546
5684,2018-04-26 19:49:15,10979589
5701,2018-04-26 20:03:02,10983114
5714,2018-04-26 20:16:00,11036622
5720,2018-04-26 20:20:52,11032094
5723,2018-04-26 20:28:17,11017131
5725,2018-04-26 20:29:53,11015353
5729,2018-04-26 20:37:28,10983403
5735,2018-04-26 20:39:35,10978735
5744,2018-04-26 20:50:08,10976191
5746,2018-04-26 20:50:52,10976191
5752,2018-04-26 20:56:14,10968255
5754,2018-04-26 21:00:25,10968275
5761,2018-04-26 21:03:22,10978222
5767,2018-04-26 21:06:24,10981056
5779,2018-04-26 21:12:08,11000796
5784,2018-04-26 21:15:08,10995763
5786,2018-04-26 21:24:30,10995399
5792,2018-04-26 21:28:11,10990175
5811,2018-04-26 22:03:34,10905913
5813,2018-04-26 22:05:00,10905789
5827,2018-04-26 22:19:13,10906926
5838,2018-04-26 22:34:28,10931205
5840,2018-04-26 22:37:18,10931235
5841,2018-04-26 22:38:37,10931234
5851,2018-04-26 22:51:13,10952291
5861,2018-04-26 23:06:20,10953959
5868,2018-04-26 23:11:09,10953159
5870,2018-04-26 23:20:12,10951366
5891,2018-04-26 23:44:45,10884308
5893,2018-04-26 23:45:41,10885623
5895,2018-04-26 23:45:50,10885755
5901,2018-04-26 23:59:11,10932537
5904,2018-04-27 00:02:28,10930844
5913,2018-04-27 00:12:09,10891344
5915,2018-04-27 00:16:10,10839030
5918,2018-04-27 00:17:44,10840764
5921,2018-04-27 00:18:48,10843061
5926,2018-04-27 00:21:41,10849594
5929,2018-04-27 00:30:25,10820520
5932,2018-04-27 01:00:25,10828711
5935,2018-04-27 01:07:16,10829981
5938,2018-04-27 01:08:04,10830484
5944,2018-04-27 01:20:27,10856691
5948,2018-04-27 01:22:05,10859583
5953,2018-04-27 01:24:25,10885912
5959,2018-04-27 01:28:44,10874093
5961,2018-04-27 01:38:20,10898093
5965,2018-04-27 01:42:37,10904975
5969,2018-04-27 01:48:34,10926403
5971,2018-04-27 01:49:34,10914403
5980,2018-04-27 01:52:41,10887033
5983,2018-04-27 01:57:51,10901901
5987,2018-04-27 01:59:20,10900887
5989,2018-04-27 02:10:25,10908887
5990,2018-04-27 02:12:06,10908886
6005,2018-04-27 02:20:58,10954360
6007,2018-04-27 02:38:42,10938360
6008,2018-04-27 02:43:21,10938358
6022,2018-04-27 02:58:10,10955758
6028,2018-04-27 03:40:47,10934647
6031,2018-04-27 03:51:50,10929717
6040,2018-04-27 04:24:19,10936323
6042,2018-04-27 04:30:21,10936473
6043,2018-04-27 04:43:44,10936472
6049,2018-04-27 05:07:11,11006111
6059,2018-04-27 05:08:48,11007104
6076,2018-04-27 05:33:24,10991059
6084,2018-04-27 05:54:24,11019930
6088,2018-04-27 05:58:45,11015274
6093,2018-04-27 06:09:29,11000593
6098,2018-04-27 06:12:27,10990911
6104,2018-04-27 06:14:48,10989063
6114,2018-04-27 06:33:24,11059905
6118,2018-04-27 06:52:33,10995905
6122,2018-04-27 07:01:21,11041508
6123,2018-04-27 07:07:55,11041507
6129,2018-04-27 07:18:30,11119482
6134,2018-04-27 07:20:56,11103482
6141,2018-04-27 07:30:49,11106795
6154,2018-04-27 07:32:11,11114012
6181,2018-04-27 07:38:05,11123502
6191,2018-04-27 07:39:56,11154443
6202,2018-04-27 07:41:36,11186549
6204,2018-04-27 07:43:06,11166549
6212,2018-04-27 07:45:18,11185862
6225,2018-04-27 07:47:14,11182749
6232,2018-04-27 07:52:54,11237753
6239,2018-04-27 07:57:56,11196405
6242,2018-04-27 08:00:55,11279918
6251,2018-04-27 08:07:38,11270244
6255,2018-04-27 08:11:47,11290244
6261,2018-04-27 08:15:14,11289988
6271,2018-04-27 08:20:27,11295017
6273,2018-04-27 08:24:48,11294996
6276,2018-04-27 08:26:20,11294758
6284,2018-04-27 08:31:12,11295281
6292,2018-04-27 08:41:10,11304357
6300,2018-04-27 08:43:39,11346826
6306,2018-04-27 08:46:06,11347734
6318,2018-04-27 09:02:50,11333274
6319,2018-04-27 09:05:21,11333272
6325,2018-04-27 09:07:14,11304656
6335,2018-04-27 09:10:16,11302078
6339,2018-04-27 09:15:32,11325001
6343,2018-04-27 09:18:50,11338929
6345,2018-04-27 09:24:31,11406929
6346,2018-04-27 09:29:15,11406927
6354,2018-04-27 09:37:19,11382063
6372,2018-04-27 09:56:20,11369855
6375,2018-04-27 10:01:28,11429836
6381,2018-04-27 10:13:13,11441078
6384,2018-04-27 10:18:48,11449973
6388,2018-04-27 10:23:47,11449973
6399,2018-04-27 10:27:22,11448658
6400,2018-04-27 10:28:48,11448657
6405,2018-04-27 10:32:43,11450888
6409,2018-04-27 10:33:37,11448929
6413,2018-04-27 10:40:04,11448928
6416,2018-04-27 10:42:48,11448096
6419,2018-04-27 10:59:33,11447587
6423,2018-04-27 11:06:49,11447163
6436,2018-04-27 11:17:11,11459546
6438,2018-04-27 11:21:36,11459490
6454,2018-04-27 11:43:25,11429298
6466,2018-04-27 12:11:22,11418417
6469,2018-04-27 12:13:31,11413063
6470,2018-04-27 12:16:24,11413061
6481,2018-04-27 12:23:33,11363720
6487,2018-04-27 12:24:53,11368443
6501,2018-04-27 12:34:05,11361766
6510,2018-04-27 12:43:16,11357490
6517,2018-04-27 12:49:31,11368154
6523,2018-04-27 12:56:24,11311073
6528,2018-04-27 13:04:23,11318317
6530,2018-04-27 13:06:18,11354049
6535,2018-04-27 13:09:08,11351115
6543,2018-04-27 13:24:55,11391827
6549,2018-04-27 13:40:47,11430426
6553,2018-04-27 13:45:59,11458426
6563,2018-04-27 13:49:30,11462474
6580,2018-04-27 13:54:51,11453117
6590,2018-04-27 13:58:48,11439334
6596,2018-04-27 14:07:40,11455060
6599,2018-04-27 14:13:07,11454980
6605,2018-04-27 14:29:39,11458516
6616,2018-04-27 14:41:34,11447520
6620,2018-04-27 14:44:12,11444907
6626,2018-04-27 14:49:00,11442211
6631,2018-04-27 14:56:58,11438479
6643,2018-04-27 15:06:06,11432129
6649,2018-04-27 15:11:17,11457991
6651,2018-04-27 15:14:37,11457875
6663,2018-04-27 15:24:56,11457903
6664,2018-04-27 15:28:10,11457902
6670,2018-04-27 15:42:34,11454751
6675,2018-04-27 15:52:40,11444815
6684,2018-04-27 16:06:24,11411461
6702,2018-04-27 16:25:24,11393412
6704,2018-04-27 16:29:11,11381851
6707,2018-04-27 16:34:31,11384977
6709,2018-04-27 16:36:37,11424977
6721,2018-04-27 16:52:33,11463573
6731,2018-04-27 17:01:36,11452610
6737,2018-04-27 17:09:45,11492318
6739,2018-04-27 17:12:29,11492351
6741,2018-04-27 17:13:38,11491864
6747,2018-04-27 17:16:29,11473860
6750,2018-04-27 17:20:48,11473058
6752,2018-04-27 17:26:10,11473058
6757,2018-04-27 17:41:36,11462707
6763,2018-04-27 17:48:03,11478637
6766,2018-04-27 18:09:18,11482620
6772,2018-04-27 18:20:46,11509389
6779,2018-04-27 18:38:00,11571545
6782,2018-04-27 18:40:18,11571683
6784,2018-04-27 18:40:42,11571683
6787,2018-04-27 18:44:41,11571594
6795,2018-04-27 18:48:51,11601144
6803,2018-04-27 18:57:23,11837317
6805,2018-04-27 18:57:39,11837421
6809,2018-04-27 18:59:08,11853421
6812,2018-04-27 19:00:17,11871287
6815,2018-04-27 19:01:09,11835718
6818,2018-04-27 19:03:39,11879725
6820,2018-04-27 19:08:12,11878602
6821,2018-04-27 19:10:13,11878601
6824,2018-04-27 19:10:50,11882532
6829,2018-04-27 19:13:29,12041337
6835,2018-04-27 19:16:30,12112354
6842,2018-04-27 19:18:13,12224377
6848,2018-04-27 19:20:47,12276961
6856,2018-04-27 19:22:05,12314507
6858,2018-04-27 19:22:33,12315413
6865,2018-04-27 19:24:15,12291414
6869,2018-04-27 19:25:10,12292485
6881,2018-04-27 19:26:04,12330597
6887,2018-04-27 19:27:23,12350285
6893,2018-04-27 19:28:27,12322499
6895,2018-04-27 19:31:28,12379417
6908,2018-04-27 19:38:38,12309063
6919,2018-04-27 19:41:21,12320577
6929,2018-04-27 19:43:34,12279692
6939,2018-04-27 19:48:28,12230677
6943,2018-04-27 19:50:41,12232829
6952,2018-04-27 19:53:59,12255182
6956,2018-04-27 20:01:46,12333492
6959,2018-04-27 20:04:48,12278492
6963,2018-04-27 20:05:52,12277632
6968,2018-04-27 20:08:31,12267475
6977,2018-04-27 20:11:47,12301898
6979,2018-04-27 20:12:06,12301898
6991,2018-04-27 20:17:04,12242839
6994,2018-04-27 20:17:18,12245128
7007,2018-04-27 20:25:18,12310452
7011,2018-04-27 20:30:03,12334979
7015,2018-04-27 20:32:21,12365857
7036,2018-04-27 20:46:23,12330947
7038,2018-04-27 20:49:59,12331026
7042,2018-04-27 20:51:11,12340088
7050,2018-04-27 20:53:11,12328257
7062,2018-04-27 21:00:08,12339870
7069,2018-04-27 21:07:35,12374080
7077,2018-04-27 21:15:19,12413218
7079,2018-04-27 21:16:32,12413218
7082,2018-04-27 21:22:06,12411466
7088,2018-04-27 21:29:45,12409607
7102,2018-04-27 21:38:04,12456919
7108,2018-04-27 21:39:21,12509850
7109,2018-04-27 21:39:35,12509849
7129,2018-04-27 21:47:44,12442720
7132,2018-04-27 21:48:27,12451035
7150,2018-04-27 21:56:07,12451563
7162,2018-04-27 22:03:46,12550304
7165,2018-04-27 22:04:24,12550804
7171,2018-04-27 22:12:06,12580305
7183,2018-04-27 22:17:57,12594064
7185,2018-04-27 22:20:30,12592884
7189,2018-04-27 22:21:59,12605150
7191,2018-04-27 22:23:10,12545150
7193,2018-04-27 22:24:16,12600150
7196,2018-04-27 22:26:41,12598126
7198,2018-04-27 22:28:23,12598126
7211,2018-04-27 22:37:25,12680057
7213,2018-04-27 22:37:49,12680122
7222,2018-04-27 22:41:14,12684221
7225,2018-04-27 22:44:05,12683765
7227,2018-04-27 22:45:01,12683907
7229,2018-04-27 22:45:55,12684049
7239,2018-04-27 22:55:04,12708335
7251,2018-04-27 23:01:25,12699653
7256,2018-04-27 23:08:29,12706856
7262,2018-04-27 23:10:50,12730675
7267,2018-04-27 23:14:18,12751037
7285,2018-04-27 23:18:25,12866048
7302,2018-04-27 23:21:25,13034684
7305,2018-04-27 23:22:21,13029200
7311,2018-04-27 23:22:53,13030232
7316,2018-04-27 23:23:46,13027839
7318,2018-04-27 23:24:21,13023158
7322,2018-04-27 23:25:47,13020706
7324,2018-04-27 23:26:15,13029283
7327,2018-04-27 23:29:35,13058783
7332,2018-04-27 23:32:36,13073730
7340,2018-04-27 23:34:49,13030881
7344,2018-04-27 23:36:33,13030158
7352,2018-04-27 23:42:35,13106586
7359,2018-04-27 23:46:37,13027866
7360,2018-04-27 23:47:00,13027865
7367,2018-04-27 23:48:09,13060282
7371,2018-04-27 23:50:43,13059181
7376,2018-04-27 23:52:24,13067338
7383,2018-04-27 23:59:38,13486689
7385,2018-04-28 00:00:17,13478568
7389,2018-04-28 00:01:00,13477688
7403,2018-04-28 00:03:11,13401248
7407,2018-04-28 00:04:16,13401156
7419,2018-04-28 00:07:09,13472247
7426,2018-04-28 00:09:08,13582246
7429,2018-04-28 00:11:17,13582709
7438,2018-04-28 00:12:26,13592355
7443,2018-04-28 00:13:29,13614851
7448,2018-04-28 00:14:28,13635001
7450,2018-04-28 00:14:56,13635420
7460,2018-04-28 00:16:44,13664970
7462,2018-04-28 00:16:54,13664970
7465,2018-04-28 00:17:14,13664895
7468,2018-04-28 00:17:40,13667696
7475,2018-04-28 00:18:28,13819886
7480,2018-04-28 00:19:00,13824369
7482,2018-04-28 00:20:18,13825145
7486,2018-04-28 00:20:49,13815173
7492,2018-04-28 00:22:32,13776346
7496,2018-04-28 00:23:07,13780288
7501,2018-04-28 00:24:17,13730330
7504,2018-04-28 00:25:44,13756938
7506,2018-04-28 00:26:34,13745936
7508,2018-04-28 00:27:10,13745963
7515,2018-04-28 00:29:13,13736901
7527,2018-04-28 00:31:36,13686410
7529,2018-04-28 00:34:25,13736490
7539,2018-04-28 00:35:31,13701515
7553,2018-04-28 00:39:23,13740294
7557,2018-04-28 00:41:58,13745148
7577,2018-04-28 00:51:35,13657242
7580,2018-04-28 00:52:42,13655522
7590,2018-04-28 00:57:56,13707823
7596,2018-04-28 01:03:13,13779331
7608,2018-04-28 01:05:09,13859614
7618,2018-04-28 01:13:03,13830133
7645,2018-04-28 01:21:15,13815283
7663,2018-04-28 01:32:01,13813319
7671,2018-04-28 01:36:15,13825749
7677,2018-04-28 01:41:26,13838621
7681,2018-04-28 01:45:00,13839786
7685,2018-04-28 01:46:37,13846048
7706,2018-04-28 01:53:48,13828006
7710,2018-04-28 01:54:47,13828007
7718,2018-04-28 01:57:32,13844697
7720,2018-04-28 02:01:39,13839842
7721,2018-04-28 02:02:19,13839840
7723,2018-04-28 02:07:29,13839942
7733,2018-04-28 02:10:48,13854919
7743,2018-04-28 02:18:44,13912072
7749,2018-04-28 02:20:08,13952125
7754,2018-04-28 02:21:11,13958220
7761,2018-04-28 02:23:33,13883835
7772,2018-04-28 02:25:51,13894862
7774,2018-04-28 02:27:37,13894237
7776,2018-04-28 02:27:56,13894245
7792,2018-04-28 02:31:16,13903473
7803,2018-04-28 02:34:14,13856041
7826,2018-04-28 02:38:42,13743001
7830,2018-04-28 02:40:15,13766141
7833,2018-04-28 02:42:18,13759851
7834,2018-04-28 02:43:52,13759850
7840,2018-04-28 02:44:18,13757135
7844,2018-04-28 02:48:32,13845775
7854,2018-04-28 02:51:24,13850443
7857,2018-04-28 02:52:18,13849566
7861,2018-04-28 02:56:29,13847410
7862,2018-04-28 02:56:51,13847409
7866,2018-04-28 02:57:09,13849832
7874,2018-04-28 03:00:49,13928781
7891,2018-04-28 03:03:10,13970870
7896,2018-04-28 03:04:30,13959171
7899,2018-04-28 03:05:11,13962898
7913,2018-04-28 03:08:42,13975955
7915,2018-04-28 03:10:12,13988489
7918,2018-04-28 03:13:22,13988679
7922,2018-04-28 03:17:00,13978944
7937,2018-04-28 03:19:37,13894897
7948,2018-04-28 03:20:35,13912952
7959,2018-04-28 03:25:41,13756952
7967,2018-04-28 03:27:27,13774950
7978,2018-04-28 03:28:17,13678316
7982,2018-04-28 03:33:14,13562418
7992,2018-04-28 03:40:05,13598588
7995,2018-04-28 03:40:36,13595728
8036,2018-04-28 03:56:33,13598847
8064,2018-04-28 04:05:57,13629289
8068,2018-04-28 04:15:39,13627044
8086,2018-04-28 04:25:39,13475811
8094,2018-04-28 04:29:31,13598325
8099,2018-04-28 04:34:22,13648870
8101,2018-04-28 04:37:42,13663815
8108,2018-04-28 04:40:56,13712454
8113,2018-04-28 04:42:38,13723612
8117,2018-04-28 04:44:53,13722452
8151,2018-04-28 05:04:15,13603758
8156,2018-04-28 05:06:26,13606486
8157,2018-04-28 05:06:44,13606484
8159,2018-04-28 05:07:33,13616099
8161,2018-04-28 05:09:39,13616099
8174,2018-04-28 05:21:36,13540400
8181,2018-04-28 05:22:49,13522459
8188,2018-04-28 05:26:07,13500727
8224,2018-04-28 05:33:04,13384061
8235,2018-04-28 05:40:10,13353227
8242,2018-04-28 05:41:28,13193663
8249,2018-04-28 05:45:05,13379663
8256,2018-04-28 05:48:13,13551707
8276,2018-04-28 05:52:30,13542465
8288,2018-04-28 05:56:22,13520701
8294,2018-04-28 05:58:45,13527474
8300,2018-04-28 06:00:42,13520346
8302,2018-04-28 06:01:43,13521032
8304,2018-04-28 06:02:26,13521032
8315,2018-04-28 06:03:59,13457100
8317,2018-04-28 06:05:25,13466318
8324,2018-04-28 06:11:48,13862463
8331,2018-04-28 06:14:05,14040630
8333,2018-04-28 06:15:42,14040630
8356,2018-04-28 06:21:43,14000945
8366,2018-04-28 06:27:46,13954983
8371,2018-04-28 06:32:33,13897841
8377,2018-04-28 06:37:09,13876442
8395,2018-04-28 06:48:26,14024791
8397,2018-04-28 06:49:59,14026194
8404,2018-04-28 06:51:48,14038682
8414,2018-04-28 06:55:38,14151266
8427,2018-04-28 07:06:45,14090072
8431,2018-04-28 07:09:08,14100020
8445,2018-04-28 07:10:59,14119812
8466,2018-04-28 07:31:25,14260300
8468,2018-04-28 07:32:18,14265667
8469,2018-04-28 07:33:41,14265665
8482,2018-04-28 07:40:50,14298675
8487,2018-04-28 07:43:08,14299406
8489,2018-04-28 07:43:27,14301778
8491,2018-04-28 07:44:18,14297247
8496,2018-04-28 07:47:00,14294709
8503,2018-04-28 07:51:20,14276112
8509,2018-04-28 07:53:16,14251455
8512,2018-04-28 07:54:07,14252726
8524,2018-04-28 07:55:59,14233657
8527,2018-04-28 07:57:50,14233574
8530,2018-04-28 07:58:54,14232010
8532,2018-04-28 07:59:29,14234210
8541,2018-04-28 08:01:08,14247347
8542,2018-04-28 08:01:30,14247345
8551,2018-04-28 08:03:27,14271434
8555,2018-04-28 08:05:04,14299044
8557,2018-04-28 08:05:17,14299044
8559,2018-04-28 08:05:55,14299086
8561,2018-04-28 08:07:39,14299230
8563,2018-04-28 08:08:59,14299213
8575,2018-04-28 08:12:14,14307431
8576,2018-04-28 08:13:21,14307430
8585,2018-04-28 08:13:57,14301340
8589,2018-04-28 08:14:34,14309446
8597,2018-04-28 08:20:10,14302712
8600,2018-04-28 08:22:01,14302521
8616,2018-04-28 08:33:19,14303127
8644,2018-04-28 08:35:55,14309495
8646,2018-04-28 08:39:41,14315495
8650,2018-04-28 08:40:31,14316047
8662,2018-04-28 08:45:40,14288610
8664,2018-04-28 08:46:33,14288610
8667,2018-04-28 08:48:38,14288610
8683,2018-04-28 08:51:39,14300708
8685,2018-04-28 08:53:11,14303704
8700,2018-04-28 08:54:02,14316265
8714,2018-04-28 08:54:57,14369664
8724,2018-04-28 08:56:24,14396372
8730,2018-04-28 08:58:06,14413510
8732,2018-04-28 08:58:57,14413942
8740,2018-04-28 09:01:49,14308118
8745,2018-04-28 09:02:46,14308339
8771,2018-04-28 09:09:17,14570460
8778,2018-04-28 09:12:56,14619327
8790,2018-04-28 09:15:43,14684381
8792,2018-04-28 09:17:55,14684817
8808,2018-04-28 09:21:07,14722137
8813,2018-04-28 09:22:25,14737242
8816,2018-04-28 09:25:25,14855088
8822,2018-04-28 09:32:53,15009111
8824,2018-04-28 09:35:45,15010000
8835,2018-04-28 09:40:36,15162118
8840,2018-04-28 09:42:22,15171552
8853,2018-04-28 09:47:02,15127182
8855,2018-04-28 09:47:39,15198968
8862,2018-04-28 09:51:16,15212012
8874,2018-04-28 09:54:09,15241431
8876,2018-04-28 09:55:00,15241431
8883,2018-04-28 09:56:44,15245942
8887,2018-04-28 09:57:42,15246543
8903,2018-04-28 09:58:24,15263329
8906,2018-04-28 09:59:18,15261912
8916,2018-04-28 10:00:56,15333850
8930,2018-04-28 10:01:49,15366166
8933,2018-04-28 10:02:28,15368536
8941,2018-04-28 10:08:16,15340210
8949,2018-04-28 10:09:42,15358490
8952,2018-04-28 10:11:51,15415720
8956,2018-04-28 10:12:49,15415489
8958,2018-04-28 10:13:14,15419198
8980,2018-04-28 10:21:38,15403860
8982,2018-04-28 10:24:48,15547860
8988,2018-04-28 10:27:59,15552666
8998,2018-04-28 10:35:14,15554662
9001,2018-04-28 10:36:45,15555889
9004,2018-04-28 10:37:00,15556640
9007,2018-04-28 10:39:29,15592640
9013,2018-04-28 10:41:19,15592640
9030,2018-04-28 10:45:36,15548507
9032,2018-04-28 10:45:52,15548714
9035,2018-04-28 10:48:25,15549296
9042,2018-04-28 10:54:39,15604729
9046,2018-04-28 11:00:24,15655106
9050,2018-04-28 11:01:28,15656074
9059,2018-04-28 11:05:20,15659373
9072,2018-04-28 11:15:11,15597545
9079,2018-04-28 11:21:07,15589853
9087,2018-04-28 11:22:50,15588931
9089,2018-04-28 11:25:11,15588931
9091,2018-04-28 11:26:00,15589313
9096,2018-04-28 11:27:56,15588046
9102,2018-04-28 11:33:04,15588081
9114,2018-04-28 11:37:47,15632442
9116,2018-04-28 11:40:31,15632273
9123,2018-04-28 11:44:06,15659809
9125,2018-04-28 11:44:52,15659661
9145,2018-04-28 11:49:25,15687096
9163,2018-04-28 11:53:10,15688737
9166,2018-04-28 11:53:44,15690205
9170,2018-04-28 11:54:38,15653437
9172,2018-04-28 11:56:12,15652814
9180,2018-04-28 12:03:09,15763197
9184,2018-04-28 12:07:41,15952447
9186,2018-04-28 12:10:47,15954014
9196,2018-04-28 12:12:54,15941105
9199,2018-04-28 12:14:24,15934119
9206,2018-04-28 12:17:15,15936407
9208,2018-04-28 12:18:13,15937322
9215,2018-04-28 12:21:04,15953372
9221,2018-04-28 12:22:20,15953646
9225,2018-04-28 12:24:08,15953612
9227,2018-04-28 12:28:56,15954046
9231,2018-04-28 12:38:42,15932046
9237,2018-04-28 12:46:36,16037427
9242,2018-04-28 12:51:56,16067427
9245,2018-04-28 12:53:42,16067207
9246,2018-04-28 12:58:45,16067206
9251,2018-04-28 13:00:52,16096346
9264,2018-04-28 13:10:22,16116211
9267,2018-04-28 13:12:22,16087036
9282,2018-04-28 13:22:16,16071202
9284,2018-04-28 13:24:16,16071261
9300,2018-04-28 13:34:38,15990093
9315,2018-04-28 13:41:49,16021817
9317,2018-04-28 13:47:10,16021667
9319,2018-04-28 13:50:49,16011701
9326,2018-04-28 13:54:34,15970951
9346,2018-04-28 14:03:56,15996388
9353,2018-04-28 14:10:49,15997042
9362,2018-04-28 14:16:27,15989056
9388,2018-04-28 14:41:11,16012250
9396,2018-04-28 14:50:24,16024037
9410,2018-04-28 14:57:51,16006328
9417,2018-04-28 15:05:16,16030066
9422,2018-04-28 15:06:48,16038450
9428,2018-04-28 15:09:44,16171565
9443,2018-04-28 15:14:42,16304635
9445,2018-04-28 15:15:44,16304735
9458,2018-04-28 15:23:30,16329536
9467,2018-04-28 15:24:15,16400864
9486,2018-04-28 15:29:45,16412589
9495,2018-04-28 15:37:31,16684545
9504,2018-04-28 15:38:29,16678545
9506,2018-04-28 15:42:38,16678345
9520,2018-04-28 15:51:47,16759940
9526,2018-04-28 15:52:32,16748923
9540,2018-04-28 15:54:33,16786521
9547,2018-04-28 15:55:50,16802000
9555,2018-04-28 15:59:10,16773306
9567,2018-04-28 16:00:20,16738614
9573,2018-04-28 16:01:16,16738020
9576,2018-04-28 16:04:56,16742001
9580,2018-04-28 16:06:09,16725050
9582,2018-04-28 16:07:46,16779050
9601,2018-04-28 16:11:25,16739381
9609,2018-04-28 16:13:49,16806029
9619,2018-04-28 16:19:27,16879327
9627,2018-04-28 16:23:09,16897351
9634,2018-04-28 16:23:38,16873351
9635,2018-04-28 16:24:15,16873350
9636,2018-04-28 16:24:19,16873348
9650,2018-04-28 16:31:20,16990995
9656,2018-04-28 16:32:42,16991919
9666,2018-04-28 16:33:42,16970533
9668,2018-04-28 16:35:02,16982455
9670,2018-04-28 16:37:15,16982425
9677,2018-04-28 16:40:29,17033262
9685,2018-04-28 16:43:56,17047669
9689,2018-04-28 16:45:40,17005668
9695,2018-04-28 16:46:15,17004969
9698,2018-04-28 16:47:21,17005467
9717,2018-04-28 16:50:27,17010341
9721,2018-04-28 16:52:36,17068282
9735,2018-04-28 16:56:13,17041417
9736,2018-04-28 16:57:20,17041416
9738,2018-04-28 16:58:25,17041506
9742,2018-04-28 17:03:59,17005848
9746,2018-04-28 17:05:08,17004146
9752,2018-04-28 17:06:44,17006517
9759,2018-04-28 17:07:32,16992766
9763,2018-04-28 17:09:16,16994733
9766,2018-04-28 17:11:17,16994117
9769,2018-04-28 17:13:41,16994447
9771,2018-04-28 17:14:11,16999724
9778,2018-04-28 17:16:24,16993651
9784,2018-04-28 17:18:04,17008380
9792,2018-04-28 17:22:07,17005815
9795,2018-04-28 17:24:28,17005268
9797,2018-04-28 17:26:11,17005397
9819,2018-04-28 17:38:03,17271111
9831,2018-04-28 17:40:46,17272291
9837,2018-04-28 17:44:50,17402685
9838,2018-04-28 17:45:20,17402684
9843,2018-04-28 17:45:39,17400572
9845,2018-04-28 17:46:38,17370902
9849,2018-04-28 17:47:30,17371696
9853,2018-04-28 17:49:30,17364045
9855,2018-04-28 17:49:57,17364044
9867,2018-04-28 17:55:09,17298162
9877,2018-04-28 17:59:03,17215179
9879,2018-04-28 18:00:09,17213930
9885,2018-04-28 18:00:45,17197594
9891,2018-04-28 18:02:23,17154439
9893,2018-04-28 18:02:45,17153156
9901,2018-04-28 18:04:40,17137119
9908,2018-04-28 18:07:59,17155267
9919,2018-04-28 18:10:37,17054983
9921,2018-04-28 18:10:57,17054998
9923,2018-04-28 18:11:39,17054277
9927,2018-04-28 18:14:10,17053681
9929,2018-04-28 18:15:12,17053821
9941,2018-04-28 18:18:51,16937433
9947,2018-04-28 18:20:39,16973180
9952,2018-04-28 18:21:42,16979180
9954,2018-04-28 18:23:07,17028979
9956,2018-04-28 18:24:16,17028979
9962,2018-04-28 18:27:46,17014932
9964,2018-04-28 18:28:29,17014932
9969,2018-04-28 18:31:12,17006210
9972,2018-04-28 18:32:58,16996538
9975,2018-04-28 18:35:04,16996246
9977,2018-04-28 18:35:40,16996326
9979,2018-04-28 18:37:48,16996188
9981,2018-04-28 18:38:19,16996180
9985,2018-04-28 18:39:18,16993956
9993,2018-04-28 18:45:07,17065019
9998,2018-04-28 18:45:53,17065067
10001,2018-04-28 18:47:20,17069850
10010,2018-04-28 18:50:54,17077372
10013,2018-04-28 18:53:36,17079727
10016,2018-04-28 18:56:16,17079964
10037,2018-04-28 19:01:29,17078903
10039,2018-04-28 19:03:11,17078883
10053,2018-04-28 19:08:08,17149525
10062,2018-04-28 19:10:51,17170618
10073,2018-04-28 19:13:31,17198278
10086,2018-04-28 19:17:38,17117519
10094,2018-04-28 19:21:01,17115126
10104,2018-04-28 19:24:18,17272611
10106,2018-04-28 19:24:54,17272633
10118,2018-04-28 19:29:23,17236383
10121,2018-04-28 19:30:53,17236516
10128,2018-04-28 19:33:11,17234412
10132,2018-04-28 19:36:44,17264428
10138,2018-04-28 19:40:48,17223860
10143,2018-04-28 19:43:52,17225002
10145,2018-04-28 19:44:58,17221594
10147,2018-04-28 19:46:16,17221836
10149,2018-04-28 19:49:22,17221866
10152,2018-04-28 19:49:37,17223591
10159,2018-04-28 19:51:43,17237031
10171,2018-04-28 19:55:49,17215216
10175,2018-04-28 19:59:10,17213673
10178,2018-04-28 20:02:27,17213738
10187,2018-04-28 20:07:51,17213579
10192,2018-04-28 20:12:17,17225656
10195,2018-04-28 20:16:41,17225311
10209,2018-04-28 20:18:58,17230344
10211,2018-04-28 20:19:29,17230546
10230,2018-04-28 20:24:03,17243728
10237,2018-04-28 20:34:57,17303640
10247,2018-04-28 20:40:24,17260776
10258,2018-04-28 20:45:44,17248374
10265,2018-04-28 20:49:43,17253891
10292,2018-04-28 20:58:50,17199209
10301,2018-04-28 21:02:42,17291223
10304,2018-04-28 21:04:22,17297253
10306,2018-04-28 21:11:59,17411253
10308,2018-04-28 21:15:33,17429757
10316,2018-04-28 21:20:45,17424975
10325,2018-04-28 21:23:44,17355566
10344,2018-04-28 21:29:28,17315763
10347,2018-04-28 21:32:01,17315314
10349,2018-04-28 21:35:22,17315289
10356,2018-04-28 21:42:01,17333459
10358,2018-04-28 21:43:42,17333694
10367,2018-04-28 21:45:31,17316072
10376,2018-04-28 21:48:54,17314145
10390,2018-04-28 21:54:01,17319960
10400,2018-04-28 21:55:47,17325210
10419,2018-04-28 22:05:10,17375270
10422,2018-04-28 22:05:55,17429261
10441,2018-04-28 22:10:00,17516721
10452,2018-04-28 22:11:18,17566215
10457,2018-04-28 22:15:34,17686176
10459,2018-04-28 22:16:28,17685286
10468,2018-04-28 22:17:15,17700249
10473,2018-04-28 22:19:12,17719355
10477,2018-04-28 22:20:42,17689493
10481,2018-04-28 22:22:49,17676265
10485,2018-04-28 22:25:36,17673332
10490,2018-04-28 22:29:48,17687773
10499,2018-04-28 22:32:49,17749600
10501,2018-04-28 22:36:30,17749804
10530,2018-04-28 22:48:37,17839605
10534,2018-04-28 22:50:24,17876259
10558,2018-04-28 22:56:32,17872623
10560,2018-04-28 22:57:41,17890522
10563,2018-04-28 23:00:00,17890341
10568,2018-04-28 23:02:12,17891734
10577,2018-04-28 23:07:00,17884402
10598,2018-04-28 23:11:38,17976459
10608,2018-04-28 23:15:16,18003374
10610,2018-04-28 23:16:41,18009383
10611,2018-04-28 23:18:32,18009381
10617,2018-04-28 23:22:35,18013191
10651,2018-04-28 23:32:27,17876387
10666,2018-04-28 23:35:10,17827889
10673,2018-04-28 23:36:24,17815430
10680,2018-04-28 23:39:53,17885615
10682,2018-04-28 23:42:44,17885634
10684,2018-04-28 23:44:46,17885674
10691,2018-04-28 23:46:25,17887914
10695,2018-04-28 23:53:13,17894507
10703,2018-04-28 23:56:22,17890611
10708,2018-04-28 23:57:58,17884612
10716,2018-04-29 00:01:40,17890558
10719,2018-04-29 00:04:46,17890558
10721,2018-04-29 00:10:02,17956558
10725,2018-04-29 00:11:08,18016558
10732,2018-04-29 00:11:41,18005411
10734,2018-04-29 00:12:18,18005411
10736,2018-04-29 00:13:43,18005411
10738,2018-04-29 00:14:06,18005154
10757,2018-04-29 00:15:43,17963407
10759,2018-04-29 00:16:12,17966620
10762,2018-04-29 00:16:25,17969787
10764,2018-04-29 00:17:03,17969232
10771,2018-04-29 00:20:24,18015644
10773,2018-04-29 00:20:43,18015674
10775,2018-04-29 00:21:04,18015774
10785,2018-04-29 00:23:52,17970231
10789,2018-04-29 00:25:36,17964122
10793,2018-04-29 00:26:55,17983347
10796,2018-04-29 00:27:29,17983642
10825,2018-04-29 00:36:13,18046666
10839,2018-04-29 00:37:26,18051088
10847,2018-04-29 00:41:24,18061509
10851,2018-04-29 00:41:35,18062518
10860,2018-04-29 00:45:20,18068462
10865,2018-04-29 00:48:46,18168710
10876,2018-04-29 00:54:11,18160502
10880,2018-04-29 00:56:20,18160864
10884,2018-04-29 01:01:39,18355460
10896,2018-04-29 01:04:39,18335925
10902,2018-04-29 01:07:22,18288460
10904,2018-04-29 01:07:57,18287882
10909,2018-04-29 01:13:37,18305986
10917,2018-04-29 01:19:03,18285934
10933,2018-04-29 01:24:44,18326432
10944,2018-04-29 01:27:58,18328940
10952,2018-04-29 01:30:43,18301246
10954,2018-04-29 01:32:18,18300633
10957,2018-04-29 01:33:52,18300349
10965,2018-04-29 01:37:01,18231092
10968,2018-04-29 01:38:10,18229189
10979,2018-04-29 01:40:22,18253775
11004,2018-04-29 01:50:36,18212690
11009,2018-04-29 01:55:56,18213286
11034,2018-04-29 02:13:06,18245496
11038,2018-04-29 02:15:52,18233514
11061,2018-04-29 02:26:56,18374197
11063,2018-04-29 02:28:18,18374197
11066,2018-04-29 02:41:15,18374258
11089,2018-04-29 02:44:53,18383051
11092,2018-04-29 02:47:21,18383152
11094,2018-04-29 02:48:59,18382302
11097,2018-04-29 02:51:13,18371727
11101,2018-04-29 02:55:24,18395796
11121,2018-04-29 03:01:01,18387355
11134,2018-04-29 03:09:41,18377153
11136,2018-04-29 03:13:55,18377105
11139,2018-04-29 03:15:27,18377090
11148,2018-04-29 03:21:01,18381778
11156,2018-04-29 03:34:51,18422442
11176,2018-04-29 04:12:02,18414689
11197,2018-04-29 04:42:38,18492749
11199,2018-04-29 05:05:28,18492749
11202,2018-04-29 05:08:09,18494914
11207,2018-04-29 05:19:41,18498877
11215,2018-04-29 05:24:33,18492984
11219,2018-04-29 05:26:39,18497203
11225,2018-04-29 05:31:45,18497623
11227,2018-04-29 05:34:53,18497434
11230,2018-04-29 05:37:32,18591633
11239,2018-04-29 05:42:44,18592078
11240,2018-04-29 05:44:30,18592077
11242,2018-04-29 05:45:05,18593110
11251,2018-04-29 05:49:10,18621954
11256,2018-04-29 05:51:30,18621757
11260,2018-04-29 05:54:05,18621757
11262,2018-04-29 05:56:02,18619061
11305,2018-04-29 06:17:58,18482851
11318,2018-04-29 06:31:24,18447088
11349,2018-04-29 06:48:20,18434276
11352,2018-04-29 06:49:40,18419368
11356,2018-04-29 06:52:30,18425815
11358,2018-04-29 06:54:23,18425742
11360,2018-04-29 06:59:05,18425783
11363,2018-04-29 07:11:47,18425981
11364,2018-04-29 07:14:54,18425980
11366,2018-04-29 07:17:05,18427612
11390,2018-04-29 07:41:51,18469853
11401,2018-04-29 07:48:15,18471334
11427,2018-04-29 08:07:30,18476511
11431,2018-04-29 08:10:10,18482503
11433,2018-04-29 08:12:17,18482520
11445,2018-04-29 08:17:41,18491659
11450,2018-04-29 08:21:35,18493040
11462,2018-04-29 08:25:50,18457835
11469,2018-04-29 08:28:56,18387707
11471,2018-04-29 08:29:31,18387606
11475,2018-04-29 08:30:51,18387585
11510,2018-04-29 08:42:45,18521973
11525,2018-04-29 08:52:27,18550565
11548,2018-04-29 09:05:05,18705476
11553,2018-04-29 09:05:57,18710253
11556,2018-04-29 09:10:13,18710487
11587,2018-04-29 09:18:40,18754316
11595,2018-04-29 09:22:33,18798772
11601,2018-04-29 09:25:58,18804569
11602,2018-04-29 09:31:20,18804567
11605,2018-04-29 09:31:40,18804276
11613,2018-04-29 09:36:33,18765239
11621,2018-04-29 09:38:17,18738124
11645,2018-04-29 09:51:35,18705628
11649,2018-04-29 09:55:54,18705940
11657,2018-04-29 09:59:40,18731019
11659,2018-04-29 10:00:44,18731259
11670,2018-04-29 10:06:40,18761542
11682,2018-04-29 10:10:12,18729841
11686,2018-04-29 10:12:28,18715033
11693,2018-04-29 10:16:53,18717373
11705,2018-04-29 10:22:41,18799815
11712,2018-04-29 10:31:31,18902751
11715,2018-04-29 10:31:39,18911510
11743,2018-04-29 10:39:09,19042690
11756,2018-04-29 10:41:50,19084228
11762,2018-04-29 10:43:18,19133864
11764,2018-04-29 10:44:55,19158859
11768,2018-04-29 10:47:57,19074756
11772,2018-04-29 10:48:42,19074658
11774,2018-04-29 10:49:42,19074469
11793,2018-04-29 10:54:34,19150541
11809,2018-04-29 10:57:04,19116101
11810,2018-04-29 10:58:04,19116099
11814,2018-04-29 10:58:23,19117863
11819,2018-04-29 10:59:41,19126724
11821,2018-04-29 11:00:37,19150833
11823,2018-04-29 11:01:00,19151061
11827,2018-04-29 11:01:48,19155125
11833,2018-04-29 11:02:16,19149778
11845,2018-04-29 11:07:44,19215309
11847,2018-04-29 11:08:47,19216432
11855,2018-04-29 11:11:18,19247878
11859,2018-04-29 11:14:06,19258621
11865,2018-04-29 11:14:55,19256211
11879,2018-04-29 11:18:13,19286238
11881,2018-04-29 11:18:28,19286434
11892,2018-04-29 11:21:21,19432617
11893,2018-04-29 11:21:26,19432615
11895,2018-04-29 11:21:36,19430755
11905,2018-04-29 11:24:27,19445343
11908,2018-04-29 11:27:34,19447015
11915,2018-04-29 11:29:04,19471630
11920,2018-04-29 11:30:28,19491774
11923,2018-04-29 11:31:35,19495209
11929,2018-04-29 11:35:14,19472429
11931,2018-04-29 11:39:05,19472510
11949,2018-04-29 11:42:09,19472000
11954,2018-04-29 11:43:46,19473807
11959,2018-04-29 11:44:51,19518618
11968,2018-04-29 11:46:35,19507783
11978,2018-04-29 11:50:44,19703115
11988,2018-04-29 11:52:38,19737172
11989,2018-04-29 11:53:25,19737170
11998,2018-04-29 11:54:52,19749203
12003,2018-04-29 11:56:13,19881285
12018,2018-04-29 11:57:08,19939675
12031,2018-04-29 12:00:18,19962590
12047,2018-04-29 12:02:36,19923405
12064,2018-04-29 12:04:34,19964623
12066,2018-04-29 12:05:10,19964623
12072,2018-04-29 12:06:21,20033410
12078,2018-04-29 12:08:00,20005203
12082,2018-04-29 12:10:28,20016894
12084,2018-04-29 12:11:11,20017223
12091,2018-04-29 12:12:32,19990224
12098,2018-04-29 12:13:05,19988046
12104,2018-04-29 12:14:47,19977355
12109,2018-04-29 12:15:27,19979247
12113,2018-04-29 12:16:53,19970490
12117,2018-04-29 12:19:44,19891310
12125,2018-04-29 12:22:26,19964210
12142,2018-04-29 12:24:11,19918291
12145,2018-04-29 12:25:29,19919275
12147,2018-04-29 12:25:47,19918761
12159,2018-04-29 12:29:29,19924380
12171,2018-04-29 12:31:50,19892836
12178,2018-04-29 12:32:44,19878605
12183,2018-04-29 12:34:55,19954172
12196,2018-04-29 12:36:38,19949761
12206,2018-04-29 12:39:22,20044368
12213,2018-04-29 12:41:11,20140238
12234,2018-04-29 12:44:18,20263187
12248,2018-04-29 12:47:13,20204344
12252,2018-04-29 12:48:42,20198291
12268,2018-04-29 12:50:26,20157506
12275,2018-04-29 12:53:19,20154651
12280,2018-04-29 12:54:42,20136728
12285,2018-04-29 12:55:10,20139414
12287,2018-04-29 12:56:25,20139686
12292,2018-04-29 12:57:59,20145706
12297,2018-04-29 12:59:07,20149947
12307,2018-04-29 13:02:04,20132871
12309,2018-04-29 13:02:46,20132871
12312,2018-04-29 13:05:15,20130348
12330,2018-04-29 13:05:55,20136034
12333,2018-04-29 13:06:30,20136011
12343,2018-04-29 13:08:51,20159004
12352,2018-04-29 13:10:05,20172533
12355,2018-04-29 13:10:53,20172518
12362,2018-04-29 13:11:45,20169777
12363,2018-04-29 13:12:00,20169776
12366,2018-04-29 13:12:54,20167776
12374,2018-04-29 13:13:46,20183818
12385,2018-04-29 13:16:41,20180731
12388,2018-04-29 13:20:00,20182945
12393,2018-04-29 13:21:31,20182679
12401,2018-04-29 13:23:52,20135421
12405,2018-04-29 13:25:36,20134961
12410,2018-04-29 13:26:56,20113107
12412,2018-04-29 13:32:03,20113107
12418,2018-04-29 13:32:42,20110682
12424,2018-04-29 13:34:12,20114741
12429,2018-04-29 13:34:35,20115176
12446,2018-04-29 13:42:04,20172937
12449,2018-04-29 13:43:15,20174561
12451,2018-04-29 13:43:49,20174551
12458,2018-04-29 13:46:05,20264069
12462,2018-04-29 13:46:54,20264409
12468,2018-04-29 13:48:44,20287246
12470,2018-04-29 13:49:48,20286888
12472,2018-04-29 13:51:29,20296214
12480,2018-04-29 13:54:21,20453758
12487,2018-04-29 13:58:29,20439581
12489,2018-04-29 13:59:48,20439631
12492,2018-04-29 14:00:23,20439626
12501,2018-04-29 14:02:16,20445539
12504,2018-04-29 14:03:28,20515588
12508,2018-04-29 14:04:07,20530751
12513,2018-04-29 14:05:32,20528149
12518,2018-04-29 14:07:17,20530145
12524,2018-04-29 14:09:25,20544869
12540,2018-04-29 14:13:40,20531968
12565,2018-04-29 14:21:21,20511413
12582,2018-04-29 14:23:56,20459597
12588,2018-04-29 14:25:30,20471509
12590,2018-04-29 14:27:31,20471560
12607,2018-04-29 14:29:37,20497351
12609,2018-04-29 14:30:05,20497082
12611,2018-04-29 14:36:10,20497082
12613,2018-04-29 14:37:58,20497163
12628,2018-04-29 14:41:56,20457349
12647,2018-04-29 14:48:46,20508282
12649,2018-04-29 14:53:14,20478282
12657,2018-04-29 14:55:08,20501224
12665,2018-04-29 14:59:16,20602618
12668,2018-04-29 15:00:08,20602921
12673,2018-04-29 15:00:30,20601836
12688,2018-04-29 15:03:13,20599762
12691,2018-04-29 15:04:06,20599945
12694,2018-04-29 15:04:54,20597958
12702,2018-04-29 15:11:55,20619559
12719,2018-04-29 15:15:26,20704882
12722,2018-04-29 15:19:36,20699111
12724,2018-04-29 15:20:14,20699111
12729,2018-04-29 15:23:32,20654997
12745,2018-04-29 15:28:04,20672057
12747,2018-04-29 15:29:00,20672627
12772,2018-04-29 15:43:03,20750493
12776,2018-04-29 15:45:29,20813890
12804,2018-04-29 15:51:32,21067543
12807,2018-04-29 15:52:31,21040513
12840,2018-04-29 16:03:08,21166771
12845,2018-04-29 16:05:41,21327671
12863,2018-04-29 16:06:00,21303901
12873,2018-04-29 16:06:47,21344703
12875,2018-04-29 16:07:03,21345889
12890,2018-04-29 16:09:10,21317455
12894,2018-04-29 16:10:32,21331093
12901,2018-04-29 16:11:12,21331330
12904,2018-04-29 16:12:25,21331330
12913,2018-04-29 16:13:35,21348476
12917,2018-04-29 16:15:56,21369974
12929,2018-04-29 16:17:51,21381013
12931,2018-04-29 16:20:15,21435013
12943,2018-04-29 16:24:40,21703693
12966,2018-04-29 16:27:48,21796504
12982,2018-04-29 16:29:27,21908391
12990,2018-04-29 16:29:59,21905920
12992,2018-04-29 16:30:19,21903352
12995,2018-04-29 16:30:57,21904173
13000,2018-04-29 16:31:31,21932071
13006,2018-04-29 16:33:18,22162865
13007,2018-04-29 16:33:30,22162864
13012,2018-04-29 16:34:00,22162800
13019,2018-04-29 16:34:20,22172815
13023,2018-04-29 16:34:39,22177026
13028,2018-04-29 16:35:39,22187742
13061,2018-04-29 16:37:27,22004803
13063,2018-04-29 16:37:40,22006928
13072,2018-04-29 16:38:36,21966008
13074,2018-04-29 16:38:57,21973329
13076,2018-04-29 16:39:39,21972714
13086,2018-04-29 16:40:27,21843624
13090,2018-04-29 16:40:42,21850624
13102,2018-04-29 16:42:12,22022852
13109,2018-04-29 16:43:13,21960284
13122,2018-04-29 16:46:49,21993514
13125,2018-04-29 16:47:05,21993514
13127,2018-04-29 16:47:33,21993549
13132,2018-04-29 16:50:00,22001202
13137,2018-04-29 16:51:22,22058954
13152,2018-04-29 16:52:50,22028030
13165,2018-04-29 16:53:43,22030551
13172,2018-04-29 16:55:32,22024552
13174,2018-04-29 16:55:51,22038667
13191,2018-04-29 17:03:26,22079117
13193,2018-04-29 17:05:03,22078986
13196,2018-04-29 17:05:34,22078322
13202,2018-04-29 17:06:54,22076449
13204,2018-04-29 17:08:28,22078379
13210,2018-04-29 17:08:51,22077054
13217,2018-04-29 17:10:44,22072694
13222,2018-04-29 17:11:18,22074421
13231,2018-04-29 17:12:28,22105788
13235,2018-04-29 17:13:24,22113451
13237,2018-04-29 17:14:39,22117999
13240,2018-04-29 17:15:49,22118879
13245,2018-04-29 17:18:08,22126390
13249,2018-04-29 17:19:01,22143068
13254,2018-04-29 17:20:01,22143692
13258,2018-04-29 17:21:25,22179690
13261,2018-04-29 17:22:46,22179272
13263,2018-04-29 17:23:39,22179272
13268,2018-04-29 17:25:17,22151083
13270,2018-04-29 17:26:03,22152441
13287,2018-04-29 17:30:07,22287657
13289,2018-04-29 17:30:30,22287023
13295,2018-04-29 17:32:12,22270932
13298,2018-04-29 17:32:54,22268432
13304,2018-04-29 17:34:28,22328535
13312,2018-04-29 17:35:58,22238401
13319,2018-04-29 17:36:28,22244401
13323,2018-04-29 17:36:48,22249421
13325,2018-04-29 17:37:23,22250376
13332,2018-04-29 17:39:56,22249171
13334,2018-04-29 17:42:58,22248510
13338,2018-04-29 17:43:28,22250099
13347,2018-04-29 17:51:57,22329965
13358,2018-04-29 18:32:30,22440500
13360,2018-04-29 18:34:21,22433125
13367,2018-04-29 18:37:13,22458812
13374,2018-04-29 18:38:53,22485348
13387,2018-04-29 18:40:22,22554586
13389,2018-04-29 18:40:31,22554605
13397,2018-04-29 18:41:41,22598274
13402,2018-04-29 18:42:41,22609082
13403,2018-04-29 18:43:15,22609080
13409,2018-04-29 18:43:49,22619221
13412,2018-04-29 18:45:20,22607222
13424,2018-04-29 18:46:35,22620001
13432,2018-04-29 18:50:24,22588102
13435,2018-04-29 18:52:03,22606102
13437,2018-04-29 18:52:20,22604992
13438,2018-04-29 18:52:36,22604991
13439,2018-04-29 18:53:13,22604989
13446,2018-04-29 18:56:11,22758363
13450,2018-04-29 18:56:24,22758429
13452,2018-04-29 18:56:38,22760886
13453,2018-04-29 18:56:42,22760884
13456,2018-04-29 18:58:41,22574886
13458,2018-04-29 18:58:59,22570414
13460,2018-04-29 18:59:57,22575137
13471,2018-04-29 19:01:14,22523967
13477,2018-04-29 19:03:06,22655743
13482,2018-04-29 19:04:44,22642750
13484,2018-04-29 19:05:43,22642815
13492,2018-04-29 19:06:35,22643033
13496,2018-04-29 19:07:45,22599969
13499,2018-04-29 19:07:55,22601817
13501,2018-04-29 19:08:42,22602350
13506,2018-04-29 19:10:30,22564033
13510,2018-04-29 19:15:18,22308207
13517,2018-04-29 19:18:28,22200006
13518,2018-04-29 19:19:11,22200004
13527,2018-04-29 19:20:43,22342805
13528,2018-04-29 19:22:14,22342804
13530,2018-04-29 19:23:34,22343133
13532,2018-04-29 19:24:30,22344245
13536,2018-04-29 19:25:31,22343635
13551,2018-04-29 19:28:23,22325488
13553,2018-04-29 19:29:57,22325874
13556,2018-04-29 19:31:16,22355874
13560,2018-04-29 19:32:37,22394940
13565,2018-04-29 19:34:23,22395553
13568,2018-04-29 19:34:44,22400119
13570,2018-04-29 19:34:56,22401225
13572,2018-04-29 19:35:10,22401232
13576,2018-04-29 19:37:19,22385029
13582,2018-04-29 19:40:03,22300248
13587,2018-04-29 19:40:43,22309763
13591,2018-04-29 19:40:52,22305316
13601,2018-04-29 19:41:16,22382664
13609,2018-04-29 19:45:05,22430486
13619,2018-04-29 19:45:58,22370426
13622,2018-04-29 19:46:24,22370090
13624,2018-04-29 19:47:56,22370019
13633,2018-04-29 19:50:41,22553107
13635,2018-04-29 19:51:16,22553077
13646,2018-04-29 19:53:41,22640816
13658,2018-04-29 19:56:30,22707520
13660,2018-04-29 19:56:42,22708276
13663,2018-04-29 19:57:16,22709757
13668,2018-04-29 19:57:52,22698302
13672,2018-04-29 19:58:05,22770302
13676,2018-04-29 19:59:15,22789970
13679,2018-04-29 20:00:06,22807970
13684,2018-04-29 20:01:09,22758052
13686,2018-04-29 20:01:21,22755938
13695,2018-04-29 20:02:36,22761077
13699,2018-04-29 20:04:14,22837769
13704,2018-04-29 20:04:45,22837276
13706,2018-04-29 20:05:14,22824668
13707,2018-04-29 20:06:01,22824667
13709,2018-04-29 20:06:44,22826589
13713,2018-04-29 20:08:13,22750302
13718,2018-04-29 20:09:46,22835704
13737,2018-04-29 20:13:10,22953740
13739,2018-04-29 20:14:10,22959775
13741,2018-04-29 20:14:33,22959852
13743,2018-04-29 20:15:11,22960252
13746,2018-04-29 20:15:38,22967682
13749,2018-04-29 20:18:23,23083272
13753,2018-04-29 20:18:46,23038766
13762,2018-04-29 20:19:42,23117666
13765,2018-04-29 20:19:54,23111666
13768,2018-04-29 20:21:10,23052094
13772,2018-04-29 20:22:16,23094241
13778,2018-04-29 20:23:07,23056864
13780,2018-04-29 20:24:18,23130110
13784,2018-04-29 20:24:40,23149623
13786,2018-04-29 20:25:21,23088051
13788,2018-04-29 20:26:59,23088051
13801,2018-04-29 20:29:00,22951314
13807,2018-04-29 20:32:43,22901011
13812,2018-04-29 20:33:35,22886874
13824,2018-04-29 20:37:34,22854666
13827,2018-04-29 20:38:26,22874400
13834,2018-04-29 20:41:07,22754589
13837,2018-04-29 20:42:11,22774962
13840,2018-04-29 20:44:55,22756373
13851,2018-04-29 20:46:18,22679428
13854,2018-04-29 20:47:03,22680143
13858,2018-04-29 20:47:49,22709391
13867,2018-04-29 20:50:28,22837049
13871,2018-04-29 20:50:54,22838162
13873,2018-04-29 20:51:19,22873162
13891,2018-04-29 20:54:05,22790285
13895,2018-04-29 20:55:31,22760669
13904,2018-04-29 20:56:45,22743474
13907,2018-04-29 20:57:15,22742562
13911,2018-04-29 20:58:50,22749308
13913,2018-04-29 20:59:08,22751268
13918,2018-04-29 21:02:00,22848329
13921,2018-04-29 21:02:41,22874246
13924,2018-04-29 21:02:59,22905956
13929,2018-04-29 21:04:47,22999433
13932,2018-04-29 21:06:36,22969433
13937,2018-04-29 21:07:35,22970526
13940,2018-04-29 21:07:44,22973087
13948,2018-04-29 21:08:32,22899870
13953,2018-04-29 21:10:04,22899941
13962,2018-04-29 21:12:43,22757499
13971,2018-04-29 21:13:25,22743796
13974,2018-04-29 21:14:33,22755501
13982,2018-04-29 21:16:33,22716310
13984,2018-04-29 21:17:17,22719546
13987,2018-04-29 21:18:19,22828892
13989,2018-04-29 21:18:52,22833603
14003,2018-04-29 21:22:29,22712722
14015,2018-04-29 21:24:42,22809014
14016,2018-04-29 21:24:46,22809012
14027,2018-04-29 21:26:13,22802337
14032,2018-04-29 21:28:48,22800163
14037,2018-04-29 21:29:28,22806360
14042,2018-04-29 21:30:34,22849004
14047,2018-04-29 21:36:03,22859005
14050,2018-04-29 21:36:23,22858257
14053,2018-04-29 21:37:17,22882061
14055,2018-04-29 21:38:34,22883201
14069,2018-04-29 21:42:46,22864747
14071,2018-04-29 21:43:18,22864747
14073,2018-04-29 21:44:44,22875578
14076,2018-04-29 21:45:24,22853606
14078,2018-04-29 21:46:04,22878606
14100,2018-04-29 21:54:41,22998514
14113,2018-04-29 21:57:05,23017027
14117,2018-04-29 21:57:44,23017816
14128,2018-04-29 22:00:01,23081842
14131,2018-04-29 22:01:50,23082910
14136,2018-04-29 22:03:00,23086469
14141,2018-04-29 22:04:00,23086247
14147,2018-04-29 22:05:44,23175705
14155,2018-04-29 22:07:26,23181240
14157,2018-04-29 22:08:03,23181006
14159,2018-04-29 22:08:21,23196461
14176,2018-04-29 22:10:20,23228893
14179,2018-04-29 22:10:39,23230435
14182,2018-04-29 22:12:38,23145480
14189,2018-04-29 22:13:22,23142101
14204,2018-04-29 22:20:33,23049361
14207,2018-04-29 22:21:01,23050185
14215,2018-04-29 22:22:06,23035654
14217,2018-04-29 22:26:50,23038768
14223,2018-04-29 22:27:48,23038768
14227,2018-04-29 22:29:33,23027456
14236,2018-04-29 22:37:18,23034645
14239,2018-04-29 22:38:34,23041265
14248,2018-04-29 22:39:34,23053729
14263,2018-04-29 22:44:15,23039497
14272,2018-04-29 22:46:08,23157987
14274,2018-04-29 22:47:12,23377987
14276,2018-04-29 22:47:36,23377854
14280,2018-04-29 22:49:46,23366594
14282,2018-04-29 22:50:32,23367186
14291,2018-04-29 22:54:15,23421503
14298,2018-04-29 22:55:39,23428200
14308,2018-04-29 22:56:39,23452033
14332,2018-04-29 23:03:15,23641137
14341,2018-04-29 23:06:24,23636599
14352,2018-04-29 23:08:27,23589056
14370,2018-04-29 23:13:44,23607483
14381,2018-04-29 23:16:31,23634761
14386,2018-04-29 23:18:25,23649316
14387,2018-04-29 23:20:33,23649314
14396,2018-04-29 23:25:31,23744791
14403,2018-04-29 23:28:50,23787430
14405,2018-04-29 23:29:08,23787580
14408,2018-04-29 23:30:33,23792611
14423,2018-04-29 23:37:09,24036264
14428,2018-04-29 23:37:48,24021599
14431,2018-04-29 23:38:38,24023141
14432,2018-04-29 23:38:48,24023139
14436,2018-04-29 23:41:39,24257896
14438,2018-04-29 23:41:54,24257939
14452,2018-04-29 23:42:58,24202159
14454,2018-04-29 23:43:13,24201859
14456,2018-04-29 23:44:04,24210186
14460,2018-04-29 23:44:42,24212402
14464,2018-04-29 23:46:53,24215615
14466,2018-04-29 23:48:34,24196400
14469,2018-04-29 23:50:39,24188397
14471,2018-04-29 23:51:29,24184492
14474,2018-04-29 23:51:45,24203016
14488,2018-04-29 23:55:57,24119038
14490,2018-04-29 23:56:22,24119038
14496,2018-04-29 23:58:29,24186551
14501,2018-04-29 23:59:07,24159294
14504,2018-04-29 23:59:34,24156073
14506,2018-04-30 00:00:18,24156073
14513,2018-04-30 00:01:47,24153863
14517,2018-04-30 00:03:43,24158808
14520,2018-04-30 00:05:13,24123994
14526,2018-04-30 00:06:36,24117557
14527,2018-04-30 00:09:09,24117538
14544,2018-04-30 00:11:38,24123885
14551,2018-04-30 00:13:26,24165339
14566,2018-04-30 00:19:00,24183983
14579,2018-04-30 00:24:14,24080124
14583,2018-04-30 00:26:08,24089590
14597,2018-04-30 00:29:48,24060193
14601,2018-04-30 00:30:54,24059316
14606,2018-04-30 00:31:18,24059315
14614,2018-04-30 00:31:47,24052977
14621,2018-04-30 00:35:22,24131442
14624,2018-04-30 00:38:28,24163978
14626,2018-04-30 00:39:13,24163978
14629,2018-04-30 00:40:00,24166524
14632,2018-04-30 00:40:34,24166717
14637,2018-04-30 00:43:05,24181716
14659,2018-04-30 00:52:56,24256459
14661,2018-04-30 00:55:06,24260463
14665,2018-04-30 00:59:03,24196794
14678,2018-04-30 01:04:41,24168871
14686,2018-04-30 01:07:55,24153447
14695,2018-04-30 01:12:15,24201055
14696,2018-04-30 01:12:37,24201054
14700,2018-04-30 01:15:23,24226809
14703,2018-04-30 01:19:22,24227154
14708,2018-04-30 01:26:56,24200491
14710,2018-04-30 01:27:20,24200480
14720,2018-04-30 01:31:34,24153609
14728,2018-04-30 01:37:27,24128105
14736,2018-04-30 01:42:00,24161268
14742,2018-04-30 01:43:44,24120873
14761,2018-04-30 01:48:37,24081473
14771,2018-04-30 01:52:40,23931122
14775,2018-04-30 01:57:15,24008855
14813,2018-04-30 02:01:36,23759960
14815,2018-04-30 02:03:03,23844960
14818,2018-04-30 02:03:41,23781761
14820,2018-04-30 02:04:30,23781261
14831,2018-04-30 02:06:04,23690495
14834,2018-04-30 02:07:12,23762173
14836,2018-04-30 02:08:33,23691262
14842,2018-04-30 02:10:20,23755386
14851,2018-04-30 02:12:22,23781887
14878,2018-04-30 02:16:17,23772024
14887,2018-04-30 02:17:53,23731433
14890,2018-04-30 02:20:13,23732214
14893,2018-04-30 02:23:53,23733264
14907,2018-04-30 02:28:53,23650728
14926,2018-04-30 02:35:03,23644503
14934,2018-04-30 02:42:33,23718948
14936,2018-04-30 02:43:32,23721969
14939,2018-04-30 02:44:24,23715000
14948,2018-04-30 02:47:07,23682572
14954,2018-04-30 02:49:42,23709373
14958,2018-04-30 02:55:14,23712097
14961,2018-04-30 02:55:52,23712195
14968,2018-04-30 03:00:26,23700726
14975,2018-04-30 03:20:23,23567704
14988,2018-04-30 03:33:51,23620533
14994,2018-04-30 03:37:55,23622071
14998,2018-04-30 03:38:24,23621889
15000,2018-04-30 03:38:45,23621903
15001,2018-04-30 03:39:31,23621902
15016,2018-04-30 03:55:42,23525112
15042,2018-04-30 04:07:25,23690194
15079,2018-04-30 04:09:47,23693004
15083,2018-04-30 04:10:23,23692899
15087,2018-04-30 04:11:53,23693083
15095,2018-04-30 04:14:37,23701021
15098,2018-04-30 04:19:35,23699016
15100,2018-04-30 04:22:21,23699315
15101,2018-04-30 04:23:07,23699313
15123,2018-04-30 04:41:16,23638466
15125,2018-04-30 04:42:42,23638217
15133,2018-04-30 05:04:28,23639011
15137,2018-04-30 05:08:05,23672243
15138,2018-04-30 05:08:19,23672241
15153,2018-04-30 05:10:35,23650607
15172,2018-04-30 05:32:16,23523048
15191,2018-04-30 05:53:36,23449131
15193,2018-04-30 05:53:57,23449417
15217,2018-04-30 06:09:59,23496742
15223,2018-04-30 06:10:28,23497886
15228,2018-04-30 06:12:32,23545340
15231,2018-04-30 06:17:28,23543919
15235,2018-04-30 06:19:10,23544011
15243,2018-04-30 06:23:35,23539827
15267,2018-04-30 06:29:32,23554584
15269,2018-04-30 06:29:46,23555262
15275,2018-04-30 06:35:15,23650991
15287,2018-04-30 06:40:36,23650038
15312,2018-04-30 06:49:42,23613198
15314,2018-04-30 06:51:08,23613184
15320,2018-04-30 06:52:52,23613906
15324,2018-04-30 06:53:13,23613906
15325,2018-04-30 06:53:47,23613904
15331,2018-04-30 06:55:18,23600139
15338,2018-04-30 06:56:49,23601253
15345,2018-04-30 07:03:25,23763675
15349,2018-04-30 07:04:43,23764785
15373,2018-04-30 07:16:26,23845357
15375,2018-04-30 07:18:42,23845441
15380,2018-04-30 07:21:02,23798592
15384,2018-04-30 07:24:03,23805982
15402,2018-04-30 07:26:57,23788558
15408,2018-04-30 07:27:29,23778254
15422,2018-04-30 07:31:04,23786541
15448,2018-04-30 07:35:55,23929107
15451,2018-04-30 07:37:03,23951327
15457,2018-04-30 07:39:30,23993816
15466,2018-04-30 07:41:13,23994720
15479,2018-04-30 07:44:44,24101312
15481,2018-04-30 07:45:47,24101585
15483,2018-04-30 07:47:04,24101770
15513,2018-04-30 07:54:37,23895028
15528,2018-04-30 07:57:09,23820985
15529,2018-04-30 07:57:30,23820984
15538,2018-04-30 08:02:15,23678848
15571,2018-04-30 08:02:58,23678849
15580,2018-04-30 08:05:46,23829990
15589,2018-04-30 08:09:12,23849925
15593,2018-04-30 08:10:41,23928242
15595,2018-04-30 08:11:37,23931227
15597,2018-04-30 08:11:46,23932423
15600,2018-04-30 08:12:22,23938899
15605,2018-04-30 08:16:23,23978331
15607,2018-04-30 08:19:21,23978331
15623,2018-04-30 08:24:44,24083570
15628,2018-04-30 08:26:24,24081224
15638,2018-04-30 08:28:52,24058915
15652,2018-04-30 08:35:50,23951934
15677,2018-04-30 08:46:19,24019228
15684,2018-04-30 08:47:41,24013790
15688,2018-04-30 08:52:06,24121442
15690,2018-04-30 08:52:20,24121650
15704,2018-04-30 08:54:46,24258954
15719,2018-04-30 08:58:01,24337231
15723,2018-04-30 08:58:22,24302231
15728,2018-04-30 09:00:38,24308636
15732,2018-04-30 09:01:07,24308901
15733,2018-04-30 09:01:17,24308899
15739,2018-04-30 09:01:30,24329686
15743,2018-04-30 09:02:07,24326271
15746,2018-04-30 09:03:15,24328841
15757,2018-04-30 09:05:11,24328565
15760,2018-04-30 09:05:38,24329273
15762,2018-04-30 09:06:14,24327207
15764,2018-04-30 09:07:04,24326223
15765,2018-04-30 09:08:32,24326221
15767,2018-04-30 09:08:51,24317753
15778,2018-04-30 09:11:16,24316108
15804,2018-04-30 09:19:49,24099937
15816,2018-04-30 09:20:47,24036487
15821,2018-04-30 09:22:38,24055577
15834,2018-04-30 09:27:06,24081229
15836,2018-04-30 09:27:53,24082979
15845,2018-04-30 09:31:33,24204158
15848,2018-04-30 09:31:51,24205035
15855,2018-04-30 09:41:06,24176633
15870,2018-04-30 09:45:08,24160846
15875,2018-04-30 09:46:38,24142838
15880,2018-04-30 09:47:56,24278731
15882,2018-04-30 09:48:48,24279451
15885,2018-04-30 09:50:10,24289184
15893,2018-04-30 09:52:06,24317171
15894,2018-04-30 09:52:43,24317169
15904,2018-04-30 09:56:47,24497653
15906,2018-04-30 09:57:22,24497521
15908,2018-04-30 09:57:56,24497571
15909,2018-04-30 09:59:23,24497569
15912,2018-04-30 10:00:20,24497897
15916,2018-04-30 10:01:47,24494622
15934,2018-04-30 10:05:39,24546259
15938,2018-04-30 10:08:01,24546177
15942,2018-04-30 10:10:17,24496177
15948,2018-04-30 10:12:56,24461409
15957,2018-04-30 10:16:24,24474755
15960,2018-04-30 10:17:25,24475212
15964,2018-04-30 10:18:35,24484679
15969,2018-04-30 10:20:28,24492356
15971,2018-04-30 10:20:55,24492356
15976,2018-04-30 10:22:58,24488642
15980,2018-04-30 10:26:34,24553227
15986,2018-04-30 10:27:30,24553513
16007,2018-04-30 10:34:52,24468123
16010,2018-04-30 10:36:52,24466821
16016,2018-04-30 10:37:54,24477133
16019,2018-04-30 10:39:05,24478139
16031,2018-04-30 10:52:08,24475917
16050,2018-04-30 10:57:11,24536936
16054,2018-04-30 11:00:13,24534527
16062,2018-04-30 11:09:24,24536886
16067,2018-04-30 11:18:52,24499747
16069,2018-04-30 11:21:48,24499791
16071,2018-04-30 11:22:21,24500687
16076,2018-04-30 11:23:59,24490862
16078,2018-04-30 11:25:13,24490770
16095,2018-04-30 11:28:27,24443449
16101,2018-04-30 11:30:09,24488011
16103,2018-04-30 11:33:17,24488088
16106,2018-04-30 11:33:28,24487950
16109,2018-04-30 11:34:13,24505807
16116,2018-04-30 11:36:11,24464218
16118,2018-04-30 11:37:31,24465029
16132,2018-04-30 11:40:31,24508889
16135,2018-04-30 11:41:08,24520644
16142,2018-04-30 11:44:02,24519728
16145,2018-04-30 11:47:15,24524036
16148,2018-04-30 11:48:15,24504036
16155,2018-04-30 11:49:56,24490561
16156,2018-04-30 11:50:09,24490559
16159,2018-04-30 11:52:45,24438985
16160,2018-04-30 11:53:21,24438984
16169,2018-04-30 11:55:29,24427327
16172,2018-04-30 11:56:19,24429120
16180,2018-04-30 11:59:35,24432135
16191,2018-04-30 12:02:12,24239004
16209,2018-04-30 12:02:52,24234528
16215,2018-04-30 12:03:44,24261574
16226,2018-04-30 12:05:20,24064553
16236,2018-04-30 12:06:54,24102639
16240,2018-04-30 12:07:12,24115512
16241,2018-04-30 12:07:56,24115511
16247,2018-04-30 12:09:51,24123849
16251,2018-04-30 12:10:57,24146020
16253,2018-04-30 12:11:16,24146020
16261,2018-04-30 12:11:42,24151120
16264,2018-04-30 12:12:17,24149164
16267,2018-04-30 12:12:28,24147680
16274,2018-04-30 12:17:09,24098297
16278,2018-04-30 12:18:09,24161939
16315,2018-04-30 12:25:53,24108183
16320,2018-04-30 12:28:56,24208679
16327,2018-04-30 12:30:40,24103917
16337,2018-04-30 12:34:50,24130203
16347,2018-04-30 12:37:36,24250784
16357,2018-04-30 12:39:07,24262794
16359,2018-04-30 12:40:01,24263657
16362,2018-04-30 12:40:10,24263656
16365,2018-04-30 12:41:20,24264569
16367,2018-04-30 12:41:31,24264867
16377,2018-04-30 12:45:52,24235489
16383,2018-04-30 12:47:00,24214797
16386,2018-04-30 12:50:41,24232301
16391,2018-04-30 12:54:11,24222301
16412,2018-04-30 12:56:59,24089222
16414,2018-04-30 13:00:15,24088161
16419,2018-04-30 13:01:22,24114457
16422,2018-04-30 13:04:25,24201869
16443,2018-04-30 13:07:55,24275905
16456,2018-04-30 13:15:15,24386656
16460,2018-04-30 13:17:00,24412942
16465,2018-04-30 13:22:19,24433076
16466,2018-04-30 13:22:45,24433074
16475,2018-04-30 13:24:15,24284726
16482,2018-04-30 13:26:46,24304121
16484,2018-04-30 13:28:21,24304472
16486,2018-04-30 13:28:40,24305404
16492,2018-04-30 13:30:53,24300379
16505,2018-04-30 13:34:07,24427452
16522,2018-04-30 13:38:53,24409830
16524,2018-04-30 13:39:01,24415488
16531,2018-04-30 13:40:15,24406307
16534,2018-04-30 13:42:27,24406546
16536,2018-04-30 13:43:45,24407136
16540,2018-04-30 13:48:15,24412279
16544,2018-04-30 13:52:04,24566673
16553,2018-04-30 13:58:26,24593067
16562,2018-04-30 14:04:19,24678652
16574,2018-04-30 14:09:46,24661037
16580,2018-04-30 14:12:47,24676174
16584,2018-04-30 14:14:44,24677320
16593,2018-04-30 14:15:58,24658530
16604,2018-04-30 14:20:20,24609681
16620,2018-04-30 14:30:57,24647147
16638,2018-04-30 14:32:52,24621385
16653,2018-04-30 14:40:00,24535315
16658,2018-04-30 14:46:43,24599981
16665,2018-04-30 14:51:18,24541187
16671,2018-04-30 14:52:21,24526842
16675,2018-04-30 14:54:48,24531422
16688,2018-04-30 14:57:53,24522714
16690,2018-04-30 14:58:41,24522903
16691,2018-04-30 15:01:55,24522902
16700,2018-04-30 15:04:43,24521819
16702,2018-04-30 15:08:14,24521749
16704,2018-04-30 15:09:49,24521245
16706,2018-04-30 15:10:36,24520641
16709,2018-04-30 15:14:24,24513456
16711,2018-04-30 15:15:58,24512679
16719,2018-04-30 15:22:02,24506338
16721,2018-04-30 15:22:34,24514955
16723,2018-04-30 15:22:55,24516802
16728,2018-04-30 15:26:26,24299813
16730,2018-04-30 15:27:09,24399813
16733,2018-04-30 15:27:54,24417225
16737,2018-04-30 15:28:22,24419087
16743,2018-04-30 15:31:04,24546149
16745,2018-04-30 15:31:44,24557144
16747,2018-04-30 15:35:52,24556406
16756,2018-04-30 15:38:38,24556405
16771,2018-04-30 15:43:03,24595342
16774,2018-04-30 15:44:03,24598175
16776,2018-04-30 15:44:23,24608175
16778,2018-04-30 15:45:43,24604673
16781,2018-04-30 15:47:50,24600398
16788,2018-04-30 15:48:56,24555620
16790,2018-04-30 15:50:37,24568873
16799,2018-04-30 15:51:52,24524108
16803,2018-04-30 15:55:09,24544816
16822,2018-04-30 15:57:51,24524981
16824,2018-04-30 15:58:45,24524545
16828,2018-04-30 16:03:31,24469545
16830,2018-04-30 16:05:03,24476780
16832,2018-04-30 16:08:15,24477233
16835,2018-04-30 16:08:45,24473686
16840,2018-04-30 16:10:17,24489843
16843,2018-04-30 16:11:28,24416608
16848,2018-04-30 16:14:35,24525573
16851,2018-04-30 16:17:02,24373685
16857,2018-04-30 16:18:40,24469061
16863,2018-04-30 16:19:00,24469071
16865,2018-04-30 16:19:46,24469335
16872,2018-04-30 16:21:33,24461625
16874,2018-04-30 16:22:14,24430554
16880,2018-04-30 16:23:20,24440575
16894,2018-04-30 16:28:04,24530525
16897,2018-04-30 16:30:51,24620525
16900,2018-04-30 16:32:11,24666728
16905,2018-04-30 16:37:31,24666343
16907,2018-04-30 16:38:08,24666543
16909,2018-04-30 16:38:34,24671507
16912,2018-04-30 16:40:29,24687763
16914,2018-04-30 16:42:07,24732763
16916,2018-04-30 16:43:55,24732797
16925,2018-04-30 16:46:28,24601753
16930,2018-04-30 16:47:14,24609259
16934,2018-04-30 16:48:00,24635925
16943,2018-04-30 16:49:52,24622533
16946,2018-04-30 16:50:57,24620780
16949,2018-04-30 16:51:44,24647445
16964,2018-04-30 16:56:21,24741748
16966,2018-04-30 17:01:00,24780587
16971,2018-04-30 17:04:23,24857689
16976,2018-04-30 17:05:31,24835001
16990,2018-04-30 17:07:37,24665250
16996,2018-04-30 17:08:52,24762943
17002,2018-04-30 17:11:20,24790506
17007,2018-04-30 17:14:40,24800757
17014,2018-04-30 17:20:40,24798456
17016,2018-04-30 17:22:15,24798456
17019,2018-04-30 17:23:16,24700208
17023,2018-04-30 17:26:52,24825901
17026,2018-04-30 17:27:38,24817782
17031,2018-04-30 17:28:14,24809728
17037,2018-04-30 17:30:49,24842419
17047,2018-04-30 17:32:03,24828693
17049,2018-04-30 17:32:13,24828693
17054,2018-04-30 17:32:40,24848932
17061,2018-04-30 17:33:40,24818634
17071,2018-04-30 17:37:38,24789176
17073,2018-04-30 17:38:40,24789418
17074,2018-04-30 17:42:39,24789417
17078,2018-04-30 17:43:11,24876471
17083,2018-04-30 17:44:58,24831471
17093,2018-04-30 17:48:06,24861215
17095,2018-04-30 17:52:42,24861729
17109,2018-04-30 18:04:31,25029880
17111,2018-04-30 18:07:02,25034913
17123,2018-04-30 18:09:34,24978753
17130,2018-04-30 18:21:12,25144451
17147,2018-04-30 18:24:30,25126739
17157,2018-04-30 18:27:07,25071735
17159,2018-04-30 18:28:26,25071788
17162,2018-04-30 18:28:47,25072117
17166,2018-04-30 18:31:08,25083311
17171,2018-04-30 18:32:58,25083311
17180,2018-04-30 18:41:43,25040435
17181,2018-04-30 18:42:34,25040434
17186,2018-04-30 18:47:41,25034544
17196,2018-04-30 18:59:50,25127019
17210,2018-04-30 19:11:23,25104486
17219,2018-04-30 19:17:45,25062406
17239,2018-04-30 19:33:24,25030504
17241,2018-04-30 19:34:53,25030844
17252,2018-04-30 19:35:45,25033900
17256,2018-04-30 19:36:15,25033679
17261,2018-04-30 19:37:49,25043602
17278,2018-04-30 19:42:15,25314821
17281,2018-04-30 19:45:44,25316294
17283,2018-04-30 19:46:23,25316275
17296,2018-04-30 19:50:39,25355514
17300,2018-04-30 19:52:44,25355515
17305,2018-04-30 19:54:55,25443782
17309,2018-04-30 19:57:11,25464804
17310,2018-04-30 20:00:16,25464803
17314,2018-04-30 20:01:20,25470063
17331,2018-04-30 20:02:44,25642074
17333,2018-04-30 20:03:11,25610668
17339,2018-04-30 20:04:17,25610318
17343,2018-04-30 20:05:32,25618668
17347,2018-04-30 20:06:24,25607265
17356,2018-04-30 20:07:21,25610368
17369,2018-04-30 20:10:16,25575020
17382,2018-04-30 20:13:30,25546576
17386,2018-04-30 20:14:42,25595521
17393,2018-04-30 20:16:41,25589415
17412,2018-04-30 20:19:51,25735217
17417,2018-04-30 20:22:15,25716677
17421,2018-04-30 20:23:32,25733767
17423,2018-04-30 20:24:11,25733767
17438,2018-04-30 20:25:08,25654145
17445,2018-04-30 20:26:39,25610183
17448,2018-04-30 20:29:16,25600372
17458,2018-04-30 20:30:56,25624055
17479,2018-04-30 20:32:56,25538631
17481,2018-04-30 20:35:36,25513631
17485,2018-04-30 20:37:38,25375057
17487,2018-04-30 20:39:39,25376672
17490,2018-04-30 20:40:15,25401026
17493,2018-04-30 20:41:20,25399066
17498,2018-04-30 20:46:17,25387274
17499,2018-04-30 20:47:40,25387272
17510,2018-04-30 20:55:25,25432172
17512,2018-04-30 20:57:46,25429793
17518,2018-04-30 20:59:16,25415875
17524,2018-04-30 21:03:35,25376469
17532,2018-04-30 21:06:31,25469477
17541,2018-04-30 21:09:36,25531747
17549,2018-04-30 21:14:32,25540319
17552,2018-04-30 21:15:48,25539390
17554,2018-04-30 21:16:56,25539405
17557,2018-04-30 21:20:51,25541589
17560,2018-04-30 21:25:09,25701889
17566,2018-04-30 21:27:52,25728917
17574,2018-04-30 21:35:08,25574428
17576,2018-04-30 21:37:35,25574025
17585,2018-04-30 21:41:59,25554037
17594,2018-04-30 21:44:03,25556480
17600,2018-04-30 21:45:24,25546576
17608,2018-04-30 21:48:57,25528049
17617,2018-04-30 21:54:56,25671148
17625,2018-04-30 22:03:01,25900858
17634,2018-04-30 22:05:13,25950856
17639,2018-04-30 22:07:41,25937214
17649,2018-04-30 22:10:23,25924062
17651,2018-04-30 22:11:52,25923497
17657,2018-04-30 22:25:11,25986054
17663,2018-04-30 22:26:39,25985431
17671,2018-04-30 22:36:21,25989845
17674,2018-04-30 22:37:05,25988184
17677,2018-04-30 22:41:07,26099835
17678,2018-04-30 22:41:44,26099833
17683,2018-04-30 22:52:15,26088807
17686,2018-04-30 22:57:17,26054185
17695,2018-04-30 22:58:27,26025543
17702,2018-04-30 23:02:31,26120445
17703,2018-04-30 23:04:53,26120444
17713,2018-04-30 23:10:44,26243919
17716,2018-04-30 23:11:20,26243719
17718,2018-04-30 23:13:32,26242710
17728,2018-04-30 23:19:41,26289726
17731,2018-04-30 23:22:07,26272291
17739,2018-04-30 23:28:09,26361745
17743,2018-04-30 23:33:24,26373578
17746,2018-04-30 23:38:40,26375047
17759,2018-04-30 23:41:34,26353841
17764,2018-04-30 23:47:04,26519192
17779,2018-04-30 23:49:53,26550590
17781,2018-04-30 23:51:28,26548706
17787,2018-04-30 23:53:12,26530773
17799,2018-04-30 23:57:55,26531231
